[
{
    "model": "admin.logentry",
    "pk": 1,
    "fields": {
        "action_time": "2024-08-28T23:59:54.361Z",
        "user": 1,
        "content_type": 6,
        "object_id": "1",
        "object_repr": "Interno",
        "action_flag": 1,
        "change_message": "[{\"added\": {}}]"
    }
},
{
    "model": "admin.logentry",
    "pk": 2,
    "fields": {
        "action_time": "2024-08-28T23:59:57.076Z",
        "user": 1,
        "content_type": 6,
        "object_id": "2",
        "object_repr": "Externo",
        "action_flag": 1,
        "change_message": "[{\"added\": {}}]"
    }
},
{
    "model": "admin.logentry",
    "pk": 3,
    "fields": {
        "action_time": "2024-08-29T00:00:07.830Z",
        "user": 1,
        "content_type": 7,
        "object_id": "1",
        "object_repr": "Assistente 1",
        "action_flag": 1,
        "change_message": "[{\"added\": {}}]"
    }
},
{
    "model": "admin.logentry",
    "pk": 4,
    "fields": {
        "action_time": "2024-08-29T00:00:15.195Z",
        "user": 1,
        "content_type": 7,
        "object_id": "2",
        "object_repr": "Assistente 2",
        "action_flag": 1,
        "change_message": "[{\"added\": {}}]"
    }
},
{
    "model": "admin.logentry",
    "pk": 5,
    "fields": {
        "action_time": "2024-08-29T00:00:15.264Z",
        "user": 1,
        "content_type": 7,
        "object_id": "3",
        "object_repr": "Assistente 2",
        "action_flag": 1,
        "change_message": "[{\"added\": {}}]"
    }
},
{
    "model": "admin.logentry",
    "pk": 6,
    "fields": {
        "action_time": "2024-08-29T00:00:23.514Z",
        "user": 1,
        "content_type": 7,
        "object_id": "4",
        "object_repr": "Senior 1",
        "action_flag": 1,
        "change_message": "[{\"added\": {}}]"
    }
},
{
    "model": "admin.logentry",
    "pk": 7,
    "fields": {
        "action_time": "2024-08-29T00:00:30.025Z",
        "user": 1,
        "content_type": 7,
        "object_id": "5",
        "object_repr": "Senior 2",
        "action_flag": 1,
        "change_message": "[{\"added\": {}}]"
    }
},
{
    "model": "admin.logentry",
    "pk": 8,
    "fields": {
        "action_time": "2024-08-29T00:01:02.125Z",
        "user": 1,
        "content_type": 10,
        "object_id": "1",
        "object_repr": "Pergunta 1- Senior- Interna",
        "action_flag": 1,
        "change_message": "[{\"added\": {}}]"
    }
},
{
    "model": "admin.logentry",
    "pk": 9,
    "fields": {
        "action_time": "2024-08-29T00:01:12.473Z",
        "user": 1,
        "content_type": 10,
        "object_id": "2",
        "object_repr": "Pergunta 2- Senior- Interna",
        "action_flag": 1,
        "change_message": "[{\"added\": {}}]"
    }
},
{
    "model": "admin.logentry",
    "pk": 10,
    "fields": {
        "action_time": "2024-08-29T00:01:19.410Z",
        "user": 1,
        "content_type": 10,
        "object_id": "3",
        "object_repr": "Pergunta 1- Assistente- Interna",
        "action_flag": 1,
        "change_message": "[{\"added\": {}}]"
    }
},
{
    "model": "admin.logentry",
    "pk": 11,
    "fields": {
        "action_time": "2024-08-29T00:01:27.569Z",
        "user": 1,
        "content_type": 10,
        "object_id": "4",
        "object_repr": "Pergunta 2- Assistente- Interna",
        "action_flag": 1,
        "change_message": "[{\"added\": {}}]"
    }
},
{
    "model": "admin.logentry",
    "pk": 12,
    "fields": {
        "action_time": "2024-09-05T20:08:45.978Z",
        "user": 1,
        "content_type": 3,
        "object_id": "1",
        "object_repr": "Gestão",
        "action_flag": 1,
        "change_message": "[{\"added\": {}}]"
    }
},
{
    "model": "admin.logentry",
    "pk": 13,
    "fields": {
        "action_time": "2024-09-05T20:08:55.475Z",
        "user": 1,
        "content_type": 8,
        "object_id": "1",
        "object_repr": "bpascoal",
        "action_flag": 2,
        "change_message": "[{\"changed\": {\"fields\": [\"Groups\"]}}]"
    }
},
{
    "model": "admin.logentry",
    "pk": 14,
    "fields": {
        "action_time": "2024-09-11T01:57:32.463Z",
        "user": 1,
        "content_type": 10,
        "object_id": "3",
        "object_repr": "Pergunta 1- Assistente- Interna",
        "action_flag": 2,
        "change_message": "[{\"changed\": {\"fields\": [\"Weight question\"]}}]"
    }
},
{
    "model": "admin.logentry",
    "pk": 15,
    "fields": {
        "action_time": "2024-09-11T01:57:39.131Z",
        "user": 1,
        "content_type": 10,
        "object_id": "4",
        "object_repr": "Pergunta 2- Assistente- Interna",
        "action_flag": 2,
        "change_message": "[{\"changed\": {\"fields\": [\"Weight question\"]}}]"
    }
},
{
    "model": "admin.logentry",
    "pk": 16,
    "fields": {
        "action_time": "2024-09-11T16:38:50.281Z",
        "user": 1,
        "content_type": 3,
        "object_id": "2",
        "object_repr": "Controle",
        "action_flag": 1,
        "change_message": "[{\"added\": {}}]"
    }
},
{
    "model": "admin.logentry",
    "pk": 17,
    "fields": {
        "action_time": "2024-09-11T16:40:33.153Z",
        "user": 1,
        "content_type": 8,
        "object_id": "1",
        "object_repr": "bpascoal",
        "action_flag": 2,
        "change_message": "[{\"changed\": {\"fields\": [\"Groups\"]}}]"
    }
},
{
    "model": "admin.logentry",
    "pk": 18,
    "fields": {
        "action_time": "2024-09-17T18:27:13.691Z",
        "user": 1,
        "content_type": 6,
        "object_id": "3",
        "object_repr": "Serviços Financeiros",
        "action_flag": 1,
        "change_message": "[{\"added\": {}}]"
    }
},
{
    "model": "admin.logentry",
    "pk": 19,
    "fields": {
        "action_time": "2024-09-17T19:00:27.239Z",
        "user": 1,
        "content_type": 12,
        "object_id": "14",
        "object_repr": "Evaluation by Bruno Pascoal for Bruno Pascoal on 2024-09-05",
        "action_flag": 3,
        "change_message": ""
    }
},
{
    "model": "admin.logentry",
    "pk": 20,
    "fields": {
        "action_time": "2024-09-17T19:00:27.239Z",
        "user": 1,
        "content_type": 12,
        "object_id": "12",
        "object_repr": "Evaluation by Bruno Pascoal for Bruno Pascoal on 2024-09-05",
        "action_flag": 3,
        "change_message": ""
    }
},
{
    "model": "admin.logentry",
    "pk": 21,
    "fields": {
        "action_time": "2024-09-17T19:00:27.239Z",
        "user": 1,
        "content_type": 12,
        "object_id": "8",
        "object_repr": "Evaluation by Bruno Pascoal for Bruno Pascoal on 2024-09-04",
        "action_flag": 3,
        "change_message": ""
    }
},
{
    "model": "admin.logentry",
    "pk": 22,
    "fields": {
        "action_time": "2024-09-17T19:00:27.239Z",
        "user": 1,
        "content_type": 12,
        "object_id": "2",
        "object_repr": "Evaluation by Bruno Pascoal for Bruno Pascoal on 2024-08-29",
        "action_flag": 3,
        "change_message": ""
    }
},
{
    "model": "admin.logentry",
    "pk": 23,
    "fields": {
        "action_time": "2024-09-17T19:00:27.239Z",
        "user": 1,
        "content_type": 12,
        "object_id": "1",
        "object_repr": "Evaluation by Bruno Pascoal for Bruno Pascoal on 2024-08-29",
        "action_flag": 3,
        "change_message": ""
    }
},
{
    "model": "admin.logentry",
    "pk": 24,
    "fields": {
        "action_time": "2024-09-17T19:00:33.346Z",
        "user": 1,
        "content_type": 10,
        "object_id": "4",
        "object_repr": "Pergunta 2- Assistente- Interna",
        "action_flag": 3,
        "change_message": ""
    }
},
{
    "model": "admin.logentry",
    "pk": 25,
    "fields": {
        "action_time": "2024-09-17T19:00:33.346Z",
        "user": 1,
        "content_type": 10,
        "object_id": "3",
        "object_repr": "Pergunta 1- Assistente- Interna",
        "action_flag": 3,
        "change_message": ""
    }
},
{
    "model": "admin.logentry",
    "pk": 26,
    "fields": {
        "action_time": "2024-09-17T19:00:33.346Z",
        "user": 1,
        "content_type": 10,
        "object_id": "2",
        "object_repr": "Pergunta 2- Senior- Interna",
        "action_flag": 3,
        "change_message": ""
    }
},
{
    "model": "admin.logentry",
    "pk": 27,
    "fields": {
        "action_time": "2024-09-17T19:00:33.346Z",
        "user": 1,
        "content_type": 10,
        "object_id": "1",
        "object_repr": "Pergunta 1- Senior- Interna",
        "action_flag": 3,
        "change_message": ""
    }
},
{
    "model": "admin.logentry",
    "pk": 28,
    "fields": {
        "action_time": "2024-09-17T19:00:39.183Z",
        "user": 1,
        "content_type": 11,
        "object_id": "14",
        "object_repr": "Evaluation scheduled by Bruno Pascoal for Bruno Pascoal on 2024-09-05",
        "action_flag": 3,
        "change_message": ""
    }
},
{
    "model": "admin.logentry",
    "pk": 29,
    "fields": {
        "action_time": "2024-09-17T19:00:39.183Z",
        "user": 1,
        "content_type": 11,
        "object_id": "12",
        "object_repr": "Evaluation scheduled by Bruno Pascoal for Bruno Pascoal on 2024-12-30",
        "action_flag": 3,
        "change_message": ""
    }
},
{
    "model": "admin.logentry",
    "pk": 30,
    "fields": {
        "action_time": "2024-09-17T19:00:39.183Z",
        "user": 1,
        "content_type": 11,
        "object_id": "8",
        "object_repr": "Evaluation scheduled by Bruno Pascoal for Bruno Pascoal on 2024-02-10",
        "action_flag": 3,
        "change_message": ""
    }
},
{
    "model": "admin.logentry",
    "pk": 31,
    "fields": {
        "action_time": "2024-09-17T19:00:39.183Z",
        "user": 1,
        "content_type": 11,
        "object_id": "2",
        "object_repr": "Evaluation scheduled by Bruno Pascoal for Bruno Pascoal on 2024-07-29",
        "action_flag": 3,
        "change_message": ""
    }
},
{
    "model": "admin.logentry",
    "pk": 32,
    "fields": {
        "action_time": "2024-09-17T19:00:39.183Z",
        "user": 1,
        "content_type": 11,
        "object_id": "1",
        "object_repr": "Evaluation scheduled by Bruno Pascoal for Bruno Pascoal on 2024-07-29",
        "action_flag": 3,
        "change_message": ""
    }
},
{
    "model": "admin.logentry",
    "pk": 33,
    "fields": {
        "action_time": "2024-09-17T19:21:33.739Z",
        "user": 1,
        "content_type": 3,
        "object_id": "3",
        "object_repr": "Agendamento",
        "action_flag": 1,
        "change_message": "[{\"added\": {}}]"
    }
},
{
    "model": "admin.logentry",
    "pk": 34,
    "fields": {
        "action_time": "2024-09-17T19:21:41.920Z",
        "user": 1,
        "content_type": 8,
        "object_id": "1",
        "object_repr": "Bruno Pascoal",
        "action_flag": 2,
        "change_message": "[{\"changed\": {\"fields\": [\"Groups\"]}}]"
    }
},
{
    "model": "admin.logentry",
    "pk": 35,
    "fields": {
        "action_time": "2024-09-17T19:22:52.610Z",
        "user": 1,
        "content_type": 8,
        "object_id": "1",
        "object_repr": "Bruno Pascoal",
        "action_flag": 2,
        "change_message": "[]"
    }
},
{
    "model": "admin.logentry",
    "pk": 36,
    "fields": {
        "action_time": "2024-09-17T19:22:59.551Z",
        "user": 1,
        "content_type": 3,
        "object_id": "3",
        "object_repr": "Agendamento",
        "action_flag": 2,
        "change_message": "[]"
    }
},
{
    "model": "admin.logentry",
    "pk": 37,
    "fields": {
        "action_time": "2024-09-17T19:27:54.592Z",
        "user": 1,
        "content_type": 13,
        "object_id": "30",
        "object_repr": "Answer to Apresentar conhecimento técnico de Contabilidade compatível com a descrição do cargo with score 3",
        "action_flag": 3,
        "change_message": ""
    }
},
{
    "model": "admin.logentry",
    "pk": 38,
    "fields": {
        "action_time": "2024-09-17T19:27:54.592Z",
        "user": 1,
        "content_type": 13,
        "object_id": "29",
        "object_repr": "Answer to Apresentar conhecimento técnico de Auditoria compatível com a descrição do cargo with score 3",
        "action_flag": 3,
        "change_message": ""
    }
},
{
    "model": "admin.logentry",
    "pk": 39,
    "fields": {
        "action_time": "2024-09-17T19:28:01.569Z",
        "user": 1,
        "content_type": 11,
        "object_id": "18",
        "object_repr": "Evaluation scheduled by Bruno Pascoal for Kleber Viana on 2024-09-17",
        "action_flag": 3,
        "change_message": ""
    }
},
{
    "model": "admin.logentry",
    "pk": 40,
    "fields": {
        "action_time": "2024-09-19T11:18:18.802Z",
        "user": 1,
        "content_type": 12,
        "object_id": "19",
        "object_repr": "Evaluation by Bruno Pasoal dos Santos for Bruno Pascoal on 2024-09-17",
        "action_flag": 3,
        "change_message": ""
    }
},
{
    "model": "admin.logentry",
    "pk": 41,
    "fields": {
        "action_time": "2024-09-19T11:18:18.802Z",
        "user": 1,
        "content_type": 12,
        "object_id": "18",
        "object_repr": "Evaluation by Bruno Pascoal for Bruno Pascoal on 2024-09-17",
        "action_flag": 3,
        "change_message": ""
    }
},
{
    "model": "admin.logentry",
    "pk": 42,
    "fields": {
        "action_time": "2024-09-19T11:18:18.802Z",
        "user": 1,
        "content_type": 12,
        "object_id": "17",
        "object_repr": "Evaluation by Bruno Pascoal for Kleber Viana on 2024-09-17",
        "action_flag": 3,
        "change_message": ""
    }
},
{
    "model": "admin.logentry",
    "pk": 43,
    "fields": {
        "action_time": "2024-09-19T11:18:25.164Z",
        "user": 1,
        "content_type": 11,
        "object_id": "21",
        "object_repr": "Evaluation scheduled by Bruno Pasoal dos Santos for Bruno Pascoal on 2024-09-17",
        "action_flag": 3,
        "change_message": ""
    }
},
{
    "model": "admin.logentry",
    "pk": 44,
    "fields": {
        "action_time": "2024-09-19T11:18:25.164Z",
        "user": 1,
        "content_type": 11,
        "object_id": "20",
        "object_repr": "Evaluation scheduled by Bruno Pascoal for Bruno Pascoal on 2024-09-17",
        "action_flag": 3,
        "change_message": ""
    }
},
{
    "model": "admin.logentry",
    "pk": 45,
    "fields": {
        "action_time": "2024-09-19T11:18:25.164Z",
        "user": 1,
        "content_type": 11,
        "object_id": "19",
        "object_repr": "Evaluation scheduled by Bruno Pascoal for Kleber Viana on 2024-09-17",
        "action_flag": 3,
        "change_message": ""
    }
},
{
    "model": "admin.logentry",
    "pk": 46,
    "fields": {
        "action_time": "2024-09-19T11:18:44.355Z",
        "user": 1,
        "content_type": 8,
        "object_id": "7",
        "object_repr": "Fernando Souza",
        "action_flag": 3,
        "change_message": ""
    }
},
{
    "model": "admin.logentry",
    "pk": 47,
    "fields": {
        "action_time": "2024-09-19T11:18:44.355Z",
        "user": 1,
        "content_type": 8,
        "object_id": "8",
        "object_repr": "Bruno Souza",
        "action_flag": 3,
        "change_message": ""
    }
},
{
    "model": "admin.logentry",
    "pk": 48,
    "fields": {
        "action_time": "2024-09-19T11:18:44.356Z",
        "user": 1,
        "content_type": 8,
        "object_id": "11",
        "object_repr": "Bruno Santos",
        "action_flag": 3,
        "change_message": ""
    }
},
{
    "model": "admin.logentry",
    "pk": 49,
    "fields": {
        "action_time": "2024-09-19T11:18:44.356Z",
        "user": 1,
        "content_type": 8,
        "object_id": "5",
        "object_repr": "Bruno Pascoal",
        "action_flag": 3,
        "change_message": ""
    }
},
{
    "model": "admin.logentry",
    "pk": 50,
    "fields": {
        "action_time": "2024-09-19T11:18:44.356Z",
        "user": 1,
        "content_type": 8,
        "object_id": "3",
        "object_repr": "Bruno Pasoal dos Santos",
        "action_flag": 3,
        "change_message": ""
    }
},
{
    "model": "admin.logentry",
    "pk": 51,
    "fields": {
        "action_time": "2024-09-19T11:18:44.356Z",
        "user": 1,
        "content_type": 8,
        "object_id": "4",
        "object_repr": "felipe santos",
        "action_flag": 3,
        "change_message": ""
    }
},
{
    "model": "admin.logentry",
    "pk": 52,
    "fields": {
        "action_time": "2024-09-19T11:18:44.356Z",
        "user": 1,
        "content_type": 8,
        "object_id": "6",
        "object_repr": "Kleber Viana",
        "action_flag": 3,
        "change_message": ""
    }
},
{
    "model": "admin.logentry",
    "pk": 53,
    "fields": {
        "action_time": "2024-09-19T11:18:44.356Z",
        "user": 1,
        "content_type": 8,
        "object_id": "10",
        "object_repr": "Teste Teste",
        "action_flag": 3,
        "change_message": ""
    }
},
{
    "model": "admin.logentry",
    "pk": 54,
    "fields": {
        "action_time": "2024-09-19T11:18:44.356Z",
        "user": 1,
        "content_type": 8,
        "object_id": "9",
        "object_repr": "Bruno Souza",
        "action_flag": 3,
        "change_message": ""
    }
},
{
    "model": "admin.logentry",
    "pk": 55,
    "fields": {
        "action_time": "2024-09-19T11:19:02.412Z",
        "user": 1,
        "content_type": 7,
        "object_id": "4",
        "object_repr": "Senior 1",
        "action_flag": 3,
        "change_message": ""
    }
},
{
    "model": "admin.logentry",
    "pk": 56,
    "fields": {
        "action_time": "2024-09-19T11:19:02.412Z",
        "user": 1,
        "content_type": 7,
        "object_id": "3",
        "object_repr": "Assistente 2",
        "action_flag": 3,
        "change_message": ""
    }
},
{
    "model": "admin.logentry",
    "pk": 57,
    "fields": {
        "action_time": "2024-09-19T11:19:02.412Z",
        "user": 1,
        "content_type": 7,
        "object_id": "2",
        "object_repr": "Assistente 2",
        "action_flag": 3,
        "change_message": ""
    }
},
{
    "model": "admin.logentry",
    "pk": 58,
    "fields": {
        "action_time": "2024-09-19T11:19:02.412Z",
        "user": 1,
        "content_type": 7,
        "object_id": "1",
        "object_repr": "Assistente 1",
        "action_flag": 3,
        "change_message": ""
    }
},
{
    "model": "admin.logentry",
    "pk": 59,
    "fields": {
        "action_time": "2024-09-19T11:19:17.250Z",
        "user": 1,
        "content_type": 7,
        "object_id": "5",
        "object_repr": "Assistente de TI Senior",
        "action_flag": 2,
        "change_message": "[{\"changed\": {\"fields\": [\"Name\"]}}]"
    }
},
{
    "model": "admin.logentry",
    "pk": 60,
    "fields": {
        "action_time": "2024-09-19T11:19:30.377Z",
        "user": 1,
        "content_type": 9,
        "object_id": "2",
        "object_repr": "Teste",
        "action_flag": 3,
        "change_message": ""
    }
},
{
    "model": "admin.logentry",
    "pk": 61,
    "fields": {
        "action_time": "2024-09-19T11:19:30.377Z",
        "user": 1,
        "content_type": 9,
        "object_id": "1",
        "object_repr": "ABZ",
        "action_flag": 3,
        "change_message": ""
    }
},
{
    "model": "admin.logentry",
    "pk": 62,
    "fields": {
        "action_time": "2024-09-19T11:23:50.705Z",
        "user": 1,
        "content_type": 3,
        "object_id": "2",
        "object_repr": "Controle",
        "action_flag": 2,
        "change_message": "[{\"changed\": {\"fields\": [\"Permissions\"]}}]"
    }
},
{
    "model": "admin.logentry",
    "pk": 63,
    "fields": {
        "action_time": "2024-09-19T11:23:56.778Z",
        "user": 1,
        "content_type": 3,
        "object_id": "1",
        "object_repr": "Gestão",
        "action_flag": 2,
        "change_message": "[]"
    }
},
{
    "model": "admin.logentry",
    "pk": 64,
    "fields": {
        "action_time": "2024-09-19T12:22:13.130Z",
        "user": 1,
        "content_type": 8,
        "object_id": "13",
        "object_repr": "Ana Meneghetti",
        "action_flag": 2,
        "change_message": "[{\"changed\": {\"fields\": [\"Groups\"]}}]"
    }
},
{
    "model": "admin.logentry",
    "pk": 65,
    "fields": {
        "action_time": "2024-09-19T12:24:37.550Z",
        "user": 1,
        "content_type": 7,
        "object_id": "6",
        "object_repr": "Senior II",
        "action_flag": 1,
        "change_message": "[{\"added\": {}}]"
    }
},
{
    "model": "admin.logentry",
    "pk": 66,
    "fields": {
        "action_time": "2024-09-19T12:25:19.389Z",
        "user": 1,
        "content_type": 7,
        "object_id": "7",
        "object_repr": "Assistente de Auditoria",
        "action_flag": 1,
        "change_message": "[{\"added\": {}}]"
    }
},
{
    "model": "admin.logentry",
    "pk": 67,
    "fields": {
        "action_time": "2024-09-19T12:31:43.679Z",
        "user": 1,
        "content_type": 8,
        "object_id": "14",
        "object_repr": "Leticia Vieira",
        "action_flag": 2,
        "change_message": "[{\"changed\": {\"fields\": [\"Groups\"]}}]"
    }
},
{
    "model": "admin.logentry",
    "pk": 68,
    "fields": {
        "action_time": "2024-09-20T14:52:49.446Z",
        "user": 1,
        "content_type": 8,
        "object_id": "24",
        "object_repr": "Octávio Bution",
        "action_flag": 3,
        "change_message": ""
    }
},
{
    "model": "admin.logentry",
    "pk": 69,
    "fields": {
        "action_time": "2024-09-20T14:53:00.836Z",
        "user": 1,
        "content_type": 8,
        "object_id": "15",
        "object_repr": "Bruno Pascoal dos Santos",
        "action_flag": 3,
        "change_message": ""
    }
},
{
    "model": "admin.logentry",
    "pk": 70,
    "fields": {
        "action_time": "2024-09-20T15:02:51.690Z",
        "user": 1,
        "content_type": 6,
        "object_id": "2",
        "object_repr": "Interna",
        "action_flag": 2,
        "change_message": "[{\"changed\": {\"fields\": [\"Name\"]}}]"
    }
},
{
    "model": "admin.logentry",
    "pk": 71,
    "fields": {
        "action_time": "2024-09-20T15:03:04.243Z",
        "user": 1,
        "content_type": 6,
        "object_id": "1",
        "object_repr": "Externo",
        "action_flag": 2,
        "change_message": "[{\"changed\": {\"fields\": [\"Name\"]}}]"
    }
},
{
    "model": "admin.logentry",
    "pk": 72,
    "fields": {
        "action_time": "2024-09-20T16:09:22.837Z",
        "user": 1,
        "content_type": 12,
        "object_id": "22",
        "object_repr": "Evaluation by Kleber Viana for Bruno Pascoal on 2024-09-19",
        "action_flag": 3,
        "change_message": ""
    }
},
{
    "model": "admin.logentry",
    "pk": 73,
    "fields": {
        "action_time": "2024-09-20T16:09:22.837Z",
        "user": 1,
        "content_type": 12,
        "object_id": "21",
        "object_repr": "Evaluation by Bruno Pascoal for Bruno Pascoal on 2024-09-19",
        "action_flag": 3,
        "change_message": ""
    }
},
{
    "model": "admin.logentry",
    "pk": 74,
    "fields": {
        "action_time": "2024-09-20T16:09:22.837Z",
        "user": 1,
        "content_type": 12,
        "object_id": "20",
        "object_repr": "Evaluation by Bruno Pascoal for Kleber Viana on 2024-09-19",
        "action_flag": 3,
        "change_message": ""
    }
},
{
    "model": "admin.logentry",
    "pk": 75,
    "fields": {
        "action_time": "2024-09-20T16:09:32.700Z",
        "user": 1,
        "content_type": 11,
        "object_id": "35",
        "object_repr": "Evaluation scheduled by Bruno Pascoal for Leticia Vieira on 2024-09-20",
        "action_flag": 3,
        "change_message": ""
    }
},
{
    "model": "admin.logentry",
    "pk": 76,
    "fields": {
        "action_time": "2024-09-20T16:09:32.700Z",
        "user": 1,
        "content_type": 11,
        "object_id": "34",
        "object_repr": "Evaluation scheduled by Bruno Pascoal for Ana Meneghetti on 2024-09-20",
        "action_flag": 3,
        "change_message": ""
    }
},
{
    "model": "admin.logentry",
    "pk": 77,
    "fields": {
        "action_time": "2024-09-20T16:09:32.700Z",
        "user": 1,
        "content_type": 11,
        "object_id": "33",
        "object_repr": "Evaluation scheduled by Bruno Pascoal for Bruno Pascoal on 2024-09-20",
        "action_flag": 3,
        "change_message": ""
    }
},
{
    "model": "admin.logentry",
    "pk": 78,
    "fields": {
        "action_time": "2024-09-20T16:09:32.700Z",
        "user": 1,
        "content_type": 11,
        "object_id": "32",
        "object_repr": "Evaluation scheduled by Bruno Pascoal for Leticia Vieira on 2024-09-20",
        "action_flag": 3,
        "change_message": ""
    }
},
{
    "model": "admin.logentry",
    "pk": 79,
    "fields": {
        "action_time": "2024-09-20T16:09:32.700Z",
        "user": 1,
        "content_type": 11,
        "object_id": "31",
        "object_repr": "Evaluation scheduled by Bruno Pascoal for Ana Meneghetti on 2024-09-20",
        "action_flag": 3,
        "change_message": ""
    }
},
{
    "model": "admin.logentry",
    "pk": 80,
    "fields": {
        "action_time": "2024-09-20T16:09:32.700Z",
        "user": 1,
        "content_type": 11,
        "object_id": "28",
        "object_repr": "Evaluation scheduled by Kleber Viana for Bruno Pascoal on 2024-09-16",
        "action_flag": 3,
        "change_message": ""
    }
},
{
    "model": "admin.logentry",
    "pk": 81,
    "fields": {
        "action_time": "2024-09-20T16:09:32.700Z",
        "user": 1,
        "content_type": 11,
        "object_id": "27",
        "object_repr": "Evaluation scheduled by Bruno Pascoal for Bruno Pascoal on 2024-09-16",
        "action_flag": 3,
        "change_message": ""
    }
},
{
    "model": "admin.logentry",
    "pk": 82,
    "fields": {
        "action_time": "2024-09-20T16:09:32.700Z",
        "user": 1,
        "content_type": 11,
        "object_id": "26",
        "object_repr": "Evaluation scheduled by Bruno Pascoal for Kleber Viana on 2024-09-16",
        "action_flag": 3,
        "change_message": ""
    }
},
{
    "model": "admin.logentry",
    "pk": 83,
    "fields": {
        "action_time": "2024-09-20T16:09:43.828Z",
        "user": 1,
        "content_type": 7,
        "object_id": "7",
        "object_repr": "Assistente de Auditoria",
        "action_flag": 3,
        "change_message": ""
    }
},
{
    "model": "admin.logentry",
    "pk": 84,
    "fields": {
        "action_time": "2024-09-20T16:09:43.828Z",
        "user": 1,
        "content_type": 7,
        "object_id": "6",
        "object_repr": "Senior II",
        "action_flag": 3,
        "change_message": ""
    }
},
{
    "model": "admin.logentry",
    "pk": 85,
    "fields": {
        "action_time": "2024-09-20T16:09:43.828Z",
        "user": 1,
        "content_type": 7,
        "object_id": "5",
        "object_repr": "Assistente de TI Senior",
        "action_flag": 3,
        "change_message": ""
    }
},
{
    "model": "admin.logentry",
    "pk": 86,
    "fields": {
        "action_time": "2024-09-24T20:53:20.066Z",
        "user": 1,
        "content_type": 11,
        "object_id": "48",
        "object_repr": "Evaluation scheduled by Bruno Pascoal for Lourenço Vinhola on 2024-09-23",
        "action_flag": 3,
        "change_message": ""
    }
},
{
    "model": "admin.logentry",
    "pk": 87,
    "fields": {
        "action_time": "2024-09-24T20:53:20.066Z",
        "user": 1,
        "content_type": 11,
        "object_id": "47",
        "object_repr": "Evaluation scheduled by Bruno Pascoal for Kleber Viana on 2024-09-23",
        "action_flag": 3,
        "change_message": ""
    }
},
{
    "model": "admin.logentry",
    "pk": 88,
    "fields": {
        "action_time": "2024-09-24T20:53:20.066Z",
        "user": 1,
        "content_type": 11,
        "object_id": "46",
        "object_repr": "Evaluation scheduled by Bruno Pascoal for Bruno Pascoal on 2024-09-23",
        "action_flag": 3,
        "change_message": ""
    }
},
{
    "model": "admin.logentry",
    "pk": 89,
    "fields": {
        "action_time": "2024-09-24T20:53:20.066Z",
        "user": 1,
        "content_type": 11,
        "object_id": "45",
        "object_repr": "Evaluation scheduled by Bruno Pascoal for Lourenço Vinhola on 2024-09-23",
        "action_flag": 3,
        "change_message": ""
    }
},
{
    "model": "admin.logentry",
    "pk": 90,
    "fields": {
        "action_time": "2024-09-24T20:53:20.066Z",
        "user": 1,
        "content_type": 11,
        "object_id": "43",
        "object_repr": "Evaluation scheduled by Kleber Viana for Bruno Pascoal on 2024-09-23",
        "action_flag": 3,
        "change_message": ""
    }
},
{
    "model": "admin.logentry",
    "pk": 91,
    "fields": {
        "action_time": "2024-09-24T20:53:20.066Z",
        "user": 1,
        "content_type": 11,
        "object_id": "42",
        "object_repr": "Evaluation scheduled by Bruno Pascoal for Kleber Viana on 2024-09-23",
        "action_flag": 3,
        "change_message": ""
    }
},
{
    "model": "admin.logentry",
    "pk": 92,
    "fields": {
        "action_time": "2024-09-24T20:53:20.066Z",
        "user": 1,
        "content_type": 11,
        "object_id": "41",
        "object_repr": "Evaluation scheduled by Bruno Pascoal for Bruno Pascoal on 2024-09-23",
        "action_flag": 3,
        "change_message": ""
    }
},
{
    "model": "auth.permission",
    "pk": 1,
    "fields": {
        "name": "Can add log entry",
        "content_type": 1,
        "codename": "add_logentry"
    }
},
{
    "model": "auth.permission",
    "pk": 2,
    "fields": {
        "name": "Can change log entry",
        "content_type": 1,
        "codename": "change_logentry"
    }
},
{
    "model": "auth.permission",
    "pk": 3,
    "fields": {
        "name": "Can delete log entry",
        "content_type": 1,
        "codename": "delete_logentry"
    }
},
{
    "model": "auth.permission",
    "pk": 4,
    "fields": {
        "name": "Can view log entry",
        "content_type": 1,
        "codename": "view_logentry"
    }
},
{
    "model": "auth.permission",
    "pk": 5,
    "fields": {
        "name": "Can add permission",
        "content_type": 2,
        "codename": "add_permission"
    }
},
{
    "model": "auth.permission",
    "pk": 6,
    "fields": {
        "name": "Can change permission",
        "content_type": 2,
        "codename": "change_permission"
    }
},
{
    "model": "auth.permission",
    "pk": 7,
    "fields": {
        "name": "Can delete permission",
        "content_type": 2,
        "codename": "delete_permission"
    }
},
{
    "model": "auth.permission",
    "pk": 8,
    "fields": {
        "name": "Can view permission",
        "content_type": 2,
        "codename": "view_permission"
    }
},
{
    "model": "auth.permission",
    "pk": 9,
    "fields": {
        "name": "Can add group",
        "content_type": 3,
        "codename": "add_group"
    }
},
{
    "model": "auth.permission",
    "pk": 10,
    "fields": {
        "name": "Can change group",
        "content_type": 3,
        "codename": "change_group"
    }
},
{
    "model": "auth.permission",
    "pk": 11,
    "fields": {
        "name": "Can delete group",
        "content_type": 3,
        "codename": "delete_group"
    }
},
{
    "model": "auth.permission",
    "pk": 12,
    "fields": {
        "name": "Can view group",
        "content_type": 3,
        "codename": "view_group"
    }
},
{
    "model": "auth.permission",
    "pk": 13,
    "fields": {
        "name": "Can add content type",
        "content_type": 4,
        "codename": "add_contenttype"
    }
},
{
    "model": "auth.permission",
    "pk": 14,
    "fields": {
        "name": "Can change content type",
        "content_type": 4,
        "codename": "change_contenttype"
    }
},
{
    "model": "auth.permission",
    "pk": 15,
    "fields": {
        "name": "Can delete content type",
        "content_type": 4,
        "codename": "delete_contenttype"
    }
},
{
    "model": "auth.permission",
    "pk": 16,
    "fields": {
        "name": "Can view content type",
        "content_type": 4,
        "codename": "view_contenttype"
    }
},
{
    "model": "auth.permission",
    "pk": 17,
    "fields": {
        "name": "Can add session",
        "content_type": 5,
        "codename": "add_session"
    }
},
{
    "model": "auth.permission",
    "pk": 18,
    "fields": {
        "name": "Can change session",
        "content_type": 5,
        "codename": "change_session"
    }
},
{
    "model": "auth.permission",
    "pk": 19,
    "fields": {
        "name": "Can delete session",
        "content_type": 5,
        "codename": "delete_session"
    }
},
{
    "model": "auth.permission",
    "pk": 20,
    "fields": {
        "name": "Can view session",
        "content_type": 5,
        "codename": "view_session"
    }
},
{
    "model": "auth.permission",
    "pk": 21,
    "fields": {
        "name": "Can add department",
        "content_type": 6,
        "codename": "add_department"
    }
},
{
    "model": "auth.permission",
    "pk": 22,
    "fields": {
        "name": "Can change department",
        "content_type": 6,
        "codename": "change_department"
    }
},
{
    "model": "auth.permission",
    "pk": 23,
    "fields": {
        "name": "Can delete department",
        "content_type": 6,
        "codename": "delete_department"
    }
},
{
    "model": "auth.permission",
    "pk": 24,
    "fields": {
        "name": "Can view department",
        "content_type": 6,
        "codename": "view_department"
    }
},
{
    "model": "auth.permission",
    "pk": 25,
    "fields": {
        "name": "Can add role",
        "content_type": 7,
        "codename": "add_role"
    }
},
{
    "model": "auth.permission",
    "pk": 26,
    "fields": {
        "name": "Can change role",
        "content_type": 7,
        "codename": "change_role"
    }
},
{
    "model": "auth.permission",
    "pk": 27,
    "fields": {
        "name": "Can delete role",
        "content_type": 7,
        "codename": "delete_role"
    }
},
{
    "model": "auth.permission",
    "pk": 28,
    "fields": {
        "name": "Can view role",
        "content_type": 7,
        "codename": "view_role"
    }
},
{
    "model": "auth.permission",
    "pk": 29,
    "fields": {
        "name": "Can add user",
        "content_type": 8,
        "codename": "add_customuser"
    }
},
{
    "model": "auth.permission",
    "pk": 30,
    "fields": {
        "name": "Can change user",
        "content_type": 8,
        "codename": "change_customuser"
    }
},
{
    "model": "auth.permission",
    "pk": 31,
    "fields": {
        "name": "Can delete user",
        "content_type": 8,
        "codename": "delete_customuser"
    }
},
{
    "model": "auth.permission",
    "pk": 32,
    "fields": {
        "name": "Can view user",
        "content_type": 8,
        "codename": "view_customuser"
    }
},
{
    "model": "auth.permission",
    "pk": 33,
    "fields": {
        "name": "Can add client",
        "content_type": 9,
        "codename": "add_client"
    }
},
{
    "model": "auth.permission",
    "pk": 34,
    "fields": {
        "name": "Can change client",
        "content_type": 9,
        "codename": "change_client"
    }
},
{
    "model": "auth.permission",
    "pk": 35,
    "fields": {
        "name": "Can delete client",
        "content_type": 9,
        "codename": "delete_client"
    }
},
{
    "model": "auth.permission",
    "pk": 36,
    "fields": {
        "name": "Can view client",
        "content_type": 9,
        "codename": "view_client"
    }
},
{
    "model": "auth.permission",
    "pk": 37,
    "fields": {
        "name": "Can add question",
        "content_type": 10,
        "codename": "add_question"
    }
},
{
    "model": "auth.permission",
    "pk": 38,
    "fields": {
        "name": "Can change question",
        "content_type": 10,
        "codename": "change_question"
    }
},
{
    "model": "auth.permission",
    "pk": 39,
    "fields": {
        "name": "Can delete question",
        "content_type": 10,
        "codename": "delete_question"
    }
},
{
    "model": "auth.permission",
    "pk": 40,
    "fields": {
        "name": "Can view question",
        "content_type": 10,
        "codename": "view_question"
    }
},
{
    "model": "auth.permission",
    "pk": 41,
    "fields": {
        "name": "Can add evaluation schedule",
        "content_type": 11,
        "codename": "add_evaluationschedule"
    }
},
{
    "model": "auth.permission",
    "pk": 42,
    "fields": {
        "name": "Can change evaluation schedule",
        "content_type": 11,
        "codename": "change_evaluationschedule"
    }
},
{
    "model": "auth.permission",
    "pk": 43,
    "fields": {
        "name": "Can delete evaluation schedule",
        "content_type": 11,
        "codename": "delete_evaluationschedule"
    }
},
{
    "model": "auth.permission",
    "pk": 44,
    "fields": {
        "name": "Can view evaluation schedule",
        "content_type": 11,
        "codename": "view_evaluationschedule"
    }
},
{
    "model": "auth.permission",
    "pk": 45,
    "fields": {
        "name": "Can add evaluation",
        "content_type": 12,
        "codename": "add_evaluation"
    }
},
{
    "model": "auth.permission",
    "pk": 46,
    "fields": {
        "name": "Can change evaluation",
        "content_type": 12,
        "codename": "change_evaluation"
    }
},
{
    "model": "auth.permission",
    "pk": 47,
    "fields": {
        "name": "Can delete evaluation",
        "content_type": 12,
        "codename": "delete_evaluation"
    }
},
{
    "model": "auth.permission",
    "pk": 48,
    "fields": {
        "name": "Can view evaluation",
        "content_type": 12,
        "codename": "view_evaluation"
    }
},
{
    "model": "auth.permission",
    "pk": 49,
    "fields": {
        "name": "Can add answer",
        "content_type": 13,
        "codename": "add_answer"
    }
},
{
    "model": "auth.permission",
    "pk": 50,
    "fields": {
        "name": "Can change answer",
        "content_type": 13,
        "codename": "change_answer"
    }
},
{
    "model": "auth.permission",
    "pk": 51,
    "fields": {
        "name": "Can delete answer",
        "content_type": 13,
        "codename": "delete_answer"
    }
},
{
    "model": "auth.permission",
    "pk": 52,
    "fields": {
        "name": "Can view answer",
        "content_type": 13,
        "codename": "view_answer"
    }
},
{
    "model": "auth.permission",
    "pk": 53,
    "fields": {
        "name": "Can add work",
        "content_type": 14,
        "codename": "add_work"
    }
},
{
    "model": "auth.permission",
    "pk": 54,
    "fields": {
        "name": "Can change work",
        "content_type": 14,
        "codename": "change_work"
    }
},
{
    "model": "auth.permission",
    "pk": 55,
    "fields": {
        "name": "Can delete work",
        "content_type": 14,
        "codename": "delete_work"
    }
},
{
    "model": "auth.permission",
    "pk": 56,
    "fields": {
        "name": "Can view work",
        "content_type": 14,
        "codename": "view_work"
    }
},
{
    "model": "auth.group",
    "pk": 1,
    "fields": {
        "name": "Gestão",
        "permissions": [
            33,
            34,
            35,
            36,
            29,
            30,
            31,
            32,
            21,
            22,
            23,
            24,
            25,
            26,
            27,
            28,
            1,
            2,
            3,
            4,
            49,
            50,
            51,
            52,
            45,
            46,
            47,
            48,
            41,
            42,
            43,
            44,
            37,
            38,
            39,
            40,
            9,
            10,
            11,
            12,
            5,
            6,
            7,
            8,
            13,
            14,
            15,
            16,
            17,
            18,
            19,
            20
        ]
    }
},
{
    "model": "auth.group",
    "pk": 2,
    "fields": {
        "name": "Controle",
        "permissions": [
            33,
            34,
            35,
            36,
            29,
            30,
            31,
            32,
            21,
            22,
            23,
            24,
            25,
            26,
            27,
            28
        ]
    }
},
{
    "model": "auth.group",
    "pk": 3,
    "fields": {
        "name": "Agendamento",
        "permissions": [
            41,
            42,
            43,
            44
        ]
    }
},
{
    "model": "contenttypes.contenttype",
    "pk": 1,
    "fields": {
        "app_label": "admin",
        "model": "logentry"
    }
},
{
    "model": "contenttypes.contenttype",
    "pk": 2,
    "fields": {
        "app_label": "auth",
        "model": "permission"
    }
},
{
    "model": "contenttypes.contenttype",
    "pk": 3,
    "fields": {
        "app_label": "auth",
        "model": "group"
    }
},
{
    "model": "contenttypes.contenttype",
    "pk": 4,
    "fields": {
        "app_label": "contenttypes",
        "model": "contenttype"
    }
},
{
    "model": "contenttypes.contenttype",
    "pk": 5,
    "fields": {
        "app_label": "sessions",
        "model": "session"
    }
},
{
    "model": "contenttypes.contenttype",
    "pk": 6,
    "fields": {
        "app_label": "accounts",
        "model": "department"
    }
},
{
    "model": "contenttypes.contenttype",
    "pk": 7,
    "fields": {
        "app_label": "accounts",
        "model": "role"
    }
},
{
    "model": "contenttypes.contenttype",
    "pk": 8,
    "fields": {
        "app_label": "accounts",
        "model": "customuser"
    }
},
{
    "model": "contenttypes.contenttype",
    "pk": 9,
    "fields": {
        "app_label": "accounts",
        "model": "client"
    }
},
{
    "model": "contenttypes.contenttype",
    "pk": 10,
    "fields": {
        "app_label": "assessments",
        "model": "question"
    }
},
{
    "model": "contenttypes.contenttype",
    "pk": 11,
    "fields": {
        "app_label": "assessments",
        "model": "evaluationschedule"
    }
},
{
    "model": "contenttypes.contenttype",
    "pk": 12,
    "fields": {
        "app_label": "assessments",
        "model": "evaluation"
    }
},
{
    "model": "contenttypes.contenttype",
    "pk": 13,
    "fields": {
        "app_label": "assessments",
        "model": "answer"
    }
},
{
    "model": "contenttypes.contenttype",
    "pk": 14,
    "fields": {
        "app_label": "assessments",
        "model": "work"
    }
},
{
    "model": "sessions.session",
    "pk": "033eo99n3co9kxzrw51lddmn6h4abrvq",
    "fields": {
        "session_data": ".eJxVjDsOwjAQBe_iGll4_YWSnjNYu2sbB5AtxUmFuDtESgHtm5n3EhHXpcZ15DlOSZyFEoffjZAfuW0g3bHduuTelnkiuSlyp0Nee8rPy-7-HVQc9VtrRVyCRR3QuQJQCmsmBnRZKUMEhb1itjZkonAMPpsTFwJvwAAnFu8PCOE45Q:1sndUA:btH44P31OKKR56ioX4KNCvc28b919t6X2tHAuJK08G0",
        "expire_date": "2024-09-09T12:33:54.404Z"
    }
},
{
    "model": "sessions.session",
    "pk": "08cgaa05mr531po59bdq6rwi6n0l5kh7",
    "fields": {
        "session_data": ".eJxVjDsOwjAQBe_iGll4_YWSnjNYu2sbB5AtxUmFuDtESgHtm5n3EhHXpcZ15DlOSZyFEoffjZAfuW0g3bHduuTelnkiuSlyp0Nee8rPy-7-HVQc9VtrRVyCRR3QuQJQCmsmBnRZKUMEhb1itjZkonAMPpsTFwJvwAAnFu8PCOE45Q:1srGhj:GBeFl6GbBecyL41B3I4jSYfjtxOAo_BP2KxQN4BmUTQ",
        "expire_date": "2024-09-19T14:56:15.826Z"
    }
},
{
    "model": "sessions.session",
    "pk": "08kuwxuo2lopibptch8dsrwv34bzoho9",
    "fields": {
        "session_data": ".eJxVjDsOwjAQBe_iGll4_YWSnjNYu2sbB5AtxUmFuDtESgHtm5n3EhHXpcZ15DlOSZyFEoffjZAfuW0g3bHduuTelnkiuSlyp0Nee8rPy-7-HVQc9VtrRVyCRR3QuQJQCmsmBnRZKUMEhb1itjZkonAMPpsTFwJvwAAnFu8PCOE45Q:1sp5rD:4cK0EhjK5MNq39FYL1uUu6lgf00AXe8b78nAWOWN4e4",
        "expire_date": "2024-09-13T13:03:43.163Z"
    }
},
{
    "model": "sessions.session",
    "pk": "08mol9enn5vi5k591g3t7fz8y1155v6d",
    "fields": {
        "session_data": ".eJxVjDsOwjAQBe_iGll4_YWSnjNYu2sbB5AtxUmFuDtESgHtm5n3EhHXpcZ15DlOSZyFEoffjZAfuW0g3bHduuTelnkiuSlyp0Nee8rPy-7-HVQc9VtrRVyCRR3QuQJQCmsmBnRZKUMEhb1itjZkonAMPpsTFwJvwAAnFu8PCOE45Q:1smIlM:xt21XAc4ymFHVxmYlK1gH9AfWYMz7Nmny9EMF7teo48",
        "expire_date": "2024-09-05T20:14:08.165Z"
    }
},
{
    "model": "sessions.session",
    "pk": "0erun8kh38z11tjg1r36pdk2yvlhdlbu",
    "fields": {
        "session_data": ".eJxVjDsOwjAQBe_iGll4_YWSnjNYu2sbB5AtxUmFuDtESgHtm5n3EhHXpcZ15DlOSZyFEoffjZAfuW0g3bHduuTelnkiuSlyp0Nee8rPy-7-HVQc9VtrRVyCRR3QuQJQCmsmBnRZKUMEhb1itjZkonAMPpsTFwJvwAAnFu8PCOE45Q:1soOfa:Qdmv92SHxRx2dj7rTypK4fC0Pl7egt5TS0y6AMy4pG4",
        "expire_date": "2024-09-11T14:56:50.327Z"
    }
},
{
    "model": "sessions.session",
    "pk": "0n4wpzcw8adqd8olo9z1uk611fv93hcs",
    "fields": {
        "session_data": ".eJxVjDsOwjAQBe_iGll4_YWSnjNYu2sbB5AtxUmFuDtESgHtm5n3EhHXpcZ15DlOSZyFEoffjZAfuW0g3bHduuTelnkiuSlyp0Nee8rPy-7-HVQc9VtrRVyCRR3QuQJQCmsmBnRZKUMEhb1itjZkonAMPpsTFwJvwAAnFu8PCOE45Q:1sqdeS:lSXK199keNQNJ6GTPq_I3qM1oSaE7oppl9bN-HIvNhM",
        "expire_date": "2024-09-17T19:20:56.592Z"
    }
},
{
    "model": "sessions.session",
    "pk": "0ncl3u7bptl9c116kwccfa9xebaoee43",
    "fields": {
        "session_data": ".eJxVjDsOwjAQBe_iGll4_YWSnjNYu2sbB5AtxUmFuDtESgHtm5n3EhHXpcZ15DlOSZyFEoffjZAfuW0g3bHduuTelnkiuSlyp0Nee8rPy-7-HVQc9VtrRVyCRR3QuQJQCmsmBnRZKUMEhb1itjZkonAMPpsTFwJvwAAnFu8PCOE45Q:1sooc1:kPdwCmgM0p7Lx3JNQZOtvLbwRFkacspou2_-UWX7Gsw",
        "expire_date": "2024-09-12T18:38:53.243Z"
    }
},
{
    "model": "sessions.session",
    "pk": "0oz6wn6ajd4fq33r1my04waxfi3eqpz9",
    "fields": {
        "session_data": ".eJxVjDsOwjAQBe_iGll4_YWSnjNYu2sbB5AtxUmFuDtESgHtm5n3EhHXpcZ15DlOSZyFEoffjZAfuW0g3bHduuTelnkiuSlyp0Nee8rPy-7-HVQc9VtrRVyCRR3QuQJQCmsmBnRZKUMEhb1itjZkonAMPpsTFwJvwAAnFu8PCOE45Q:1snfO1:K7thXyvnYfB8fNTzT6WZUHpAgl6UzsvCTH9dkLL6qKA",
        "expire_date": "2024-09-09T14:35:41.836Z"
    }
},
{
    "model": "sessions.session",
    "pk": "187b5nnkajyh2vr6mfh85b7hbefbk8vp",
    "fields": {
        "session_data": ".eJxVjDsOwjAQBe_iGll4_YWSnjNYu2sbB5AtxUmFuDtESgHtm5n3EhHXpcZ15DlOSZyFEoffjZAfuW0g3bHduuTelnkiuSlyp0Nee8rPy-7-HVQc9VtrRVyCRR3QuQJQCmsmBnRZKUMEhb1itjZkonAMPpsTFwJvwAAnFu8PCOE45Q:1snkTy:Qtq-Z7XhVkkIm7eikaEQmJCsN8RDlAbAWjMVrqYRuPo",
        "expire_date": "2024-09-09T20:02:10.718Z"
    }
},
{
    "model": "sessions.session",
    "pk": "1c1c5wyp9lwwpdi34k70rbokrsiizbhe",
    "fields": {
        "session_data": ".eJxVjDsOwjAQBe_iGll4_YWSnjNYu2sbB5AtxUmFuDtESgHtm5n3EhHXpcZ15DlOSZyFEoffjZAfuW0g3bHduuTelnkiuSlyp0Nee8rPy-7-HVQc9VtrRVyCRR3QuQJQCmsmBnRZKUMEhb1itjZkonAMPpsTFwJvwAAnFu8PCOE45Q:1smBdD:B2jzPjyyMwmGMiCly5teYT-htnhxhPeOi1-PfououCQ",
        "expire_date": "2024-09-05T12:37:15.053Z"
    }
},
{
    "model": "sessions.session",
    "pk": "1cy5crl1rytc3j8nmy1k6a78b45mxz7f",
    "fields": {
        "session_data": ".eJxVjDsOwjAQBe_iGll4_YWSnjNYu2sbB5AtxUmFuDtESgHtm5n3EhHXpcZ15DlOSZyFEoffjZAfuW0g3bHduuTelnkiuSlyp0Nee8rPy-7-HVQc9VtrRVyCRR3QuQJQCmsmBnRZKUMEhb1itjZkonAMPpsTFwJvwAAnFu8PCOE45Q:1so6o6:zLJcXLLbu1OUlCVd4Cw1NVevVSD_zgZAco2vfVteAB0",
        "expire_date": "2024-09-10T19:52:26.679Z"
    }
},
{
    "model": "sessions.session",
    "pk": "1u3ztga70y4piy12x7l4hwsj2gmuel9p",
    "fields": {
        "session_data": ".eJxVjDsOwjAQBe_iGll4_YWSnjNYu2sbB5AtxUmFuDtESgHtm5n3EhHXpcZ15DlOSZyFEoffjZAfuW0g3bHduuTelnkiuSlyp0Nee8rPy-7-HVQc9VtrRVyCRR3QuQJQCmsmBnRZKUMEhb1itjZkonAMPpsTFwJvwAAnFu8PCOE45Q:1srK6l:nYKkEivWlotj_AAFnC-NgS-9qkNvAUvowQdxRJmSYeg",
        "expire_date": "2024-09-19T18:34:19.686Z"
    }
},
{
    "model": "sessions.session",
    "pk": "2lzvjriicuweyy6fp04z9ohglkerbs7a",
    "fields": {
        "session_data": ".eJxVjDsOwjAQBe_iGll4_YWSnjNYu2sbB5AtxUmFuDtESgHtm5n3EhHXpcZ15DlOSZyFEoffjZAfuW0g3bHduuTelnkiuSlyp0Nee8rPy-7-HVQc9VtrRVyCRR3QuQJQCmsmBnRZKUMEhb1itjZkonAMPpsTFwJvwAAnFu8PCOE45Q:1soN9P:LGEzBimlfQyCDY19Q8oLZV-gfER3O04hnB0zE0Ax_GM",
        "expire_date": "2024-09-11T13:19:31.335Z"
    }
},
{
    "model": "sessions.session",
    "pk": "3vi5ziz19tei70il3zfivggf9omatkgr",
    "fields": {
        "session_data": ".eJxVjDsOwjAQBe_iGll4_YWSnjNYu2sbB5AtxUmFuDtESgHtm5n3EhHXpcZ15DlOSZyFEoffjZAfuW0g3bHduuTelnkiuSlyp0Nee8rPy-7-HVQc9VtrRVyCRR3QuQJQCmsmBnRZKUMEhb1itjZkonAMPpsTFwJvwAAnFu8PCOE45Q:1soVBa:ACP_2KzmwIO5KixnYa-fsEeJ5l5YFMXAQQiSZ_zF6KM",
        "expire_date": "2024-09-11T21:54:18.191Z"
    }
},
{
    "model": "sessions.session",
    "pk": "3xqz2e9o7tkg3hs7sao1bk4j5clvrhbm",
    "fields": {
        "session_data": ".eJxVjDsOwjAQBe_iGll4_YWSnjNYu2sbB5AtxUmFuDtESgHtm5n3EhHXpcZ15DlOSZyFEoffjZAfuW0g3bHduuTelnkiuSlyp0Nee8rPy-7-HVQc9VtrRVyCRR3QuQJQCmsmBnRZKUMEhb1itjZkonAMPpsTFwJvwAAnFu8PCOE45Q:1sovcH:-ZKl4kfyQVzR49EhKtbgOoWiE3QLTngXKDpOa9gk908",
        "expire_date": "2024-09-13T02:07:37.974Z"
    }
},
{
    "model": "sessions.session",
    "pk": "4k7veatr86placsw3j1slxnubj89xddk",
    "fields": {
        "session_data": ".eJxVjDsOwjAQBe_iGll4_YWSnjNYu2sbB5AtxUmFuDtESgHtm5n3EhHXpcZ15DlOSZyFEoffjZAfuW0g3bHduuTelnkiuSlyp0Nee8rPy-7-HVQc9VtrRVyCRR3QuQJQCmsmBnRZKUMEhb1itjZkonAMPpsTFwJvwAAnFu8PCOE45Q:1sneCC:OTthvGQhdRwlIon5hq952GtAClohNyj3PNwjVPXMjxc",
        "expire_date": "2024-09-09T13:19:24.463Z"
    }
},
{
    "model": "sessions.session",
    "pk": "4lyylnpc246mivm5mh6x91pq4s1x82p0",
    "fields": {
        "session_data": ".eJxVjDsOwjAQBe_iGll4_YWSnjNYu2sbB5AtxUmFuDtESgHtm5n3EhHXpcZ15DlOSZyFEoffjZAfuW0g3bHduuTelnkiuSlyp0Nee8rPy-7-HVQc9VtrRVyCRR3QuQJQCmsmBnRZKUMEhb1itjZkonAMPpsTFwJvwAAnFu8PCOE45Q:1snfs8:30vTlnnJXv6w4jR5mym2nOuadpDpM8Tj_8q34acNeBc",
        "expire_date": "2024-09-09T15:06:48.378Z"
    }
},
{
    "model": "sessions.session",
    "pk": "51t0oi5w0mpxdci4w15ku5wf285tio2a",
    "fields": {
        "session_data": ".eJxVjDsOwjAQBe_iGll4_YWSnjNYu2sbB5AtxUmFuDtESgHtm5n3EhHXpcZ15DlOSZyFEoffjZAfuW0g3bHduuTelnkiuSlyp0Nee8rPy-7-HVQc9VtrRVyCRR3QuQJQCmsmBnRZKUMEhb1itjZkonAMPpsTFwJvwAAnFu8PCOE45Q:1snkyZ:kCA6pORYPr0KeGlxCKTlH79-RIXv9konFr4rY3Qw4fw",
        "expire_date": "2024-09-09T20:33:47.343Z"
    }
},
{
    "model": "sessions.session",
    "pk": "5eb7tp5l1rx9a95itner16quox5weajc",
    "fields": {
        "session_data": ".eJxVjDsOwjAQBe_iGll4_YWSnjNYu2sbB5AtxUmFuDtESgHtm5n3EhHXpcZ15DlOSZyFEoffjZAfuW0g3bHduuTelnkiuSlyp0Nee8rPy-7-HVQc9VtrRVyCRR3QuQJQCmsmBnRZKUMEhb1itjZkonAMPpsTFwJvwAAnFu8PCOE45Q:1sqyuG:wNYauSnf7WF6C_BLoD2r5vU0Xp-TeS1LtP-4SO6YY5M",
        "expire_date": "2024-09-18T18:02:40.233Z"
    }
},
{
    "model": "sessions.session",
    "pk": "5et3gnd8kfyd63dsadjvh6tl2lz05bd3",
    "fields": {
        "session_data": ".eJxVjDsOwjAQBe_iGll4_YWSnjNYu2sbB5AtxUmFuDtESgHtm5n3EhHXpcZ15DlOSZyFEoffjZAfuW0g3bHduuTelnkiuSlyp0Nee8rPy-7-HVQc9VtrRVyCRR3QuQJQCmsmBnRZKUMEhb1itjZkonAMPpsTFwJvwAAnFu8PCOE45Q:1slAoO:5Nj--sRl3Dzb4XFg21P1_RBpxDtfN6pbiTe0Q18ysMs",
        "expire_date": "2024-09-02T17:32:36.748Z"
    }
},
{
    "model": "sessions.session",
    "pk": "5nhenuegrgg58y7ro6d91c422nu3nxvp",
    "fields": {
        "session_data": ".eJxVjEEOwiAQRe_C2hAKw0BduvcMZIBBqoYmpV0Z765NutDtf-_9lwi0rTVsnZcwZXEWWpx-t0jpwW0H-U7tNss0t3WZotwVedAur3Pm5-Vw_w4q9fqtCcFrMIZyJi7FKRjRIHMsUbOxHhRYy6DtoFJSxqbCGjm76HBAP0bx_gDn5TfW:1smIzi:LJwn2Y54tHHdi3qoUZuAizKN_Yb1lwNwMMg7YDTQd34",
        "expire_date": "2024-09-05T20:28:58.543Z"
    }
},
{
    "model": "sessions.session",
    "pk": "5qmyybm2y7efw7z4fyz0fsld9pxi6wq1",
    "fields": {
        "session_data": ".eJxVjEEOwiAQRe_C2hAKw0BduvcMZIBBqoYmpV0Z765NutDtf-_9lwi0rTVsnZcwZXEWWpx-t0jpwW0H-U7tNss0t3WZotwVedAur3Pm5-Vw_w4q9fqtCcFrMIZyJi7FKRjRIHMsUbOxHhRYy6DtoFJSxqbCGjm76HBAP0bx_gDn5TfW:1soTxh:ip_ey2DmznDIomH8IPFL2f4zjyywsn9A7dH73U9Juvo",
        "expire_date": "2024-09-11T20:35:53.095Z"
    }
},
{
    "model": "sessions.session",
    "pk": "5vff8s9lbmocmtv9kg9aqk0exssx6vsr",
    "fields": {
        "session_data": ".eJxVjDsOwjAQBe_iGll4_YWSnjNYu2sbB5AtxUmFuDtESgHtm5n3EhHXpcZ15DlOSZyFEoffjZAfuW0g3bHduuTelnkiuSlyp0Nee8rPy-7-HVQc9VtrRVyCRR3QuQJQCmsmBnRZKUMEhb1itjZkonAMPpsTFwJvwAAnFu8PCOE45Q:1sqBiF:l8wYF-ukXycF2qUGiA0yW1o6zyspcBwnNFDPSusfEg4",
        "expire_date": "2024-09-16T13:30:59.251Z"
    }
},
{
    "model": "sessions.session",
    "pk": "6fx40om15mo983gemole0jnavabpefzz",
    "fields": {
        "session_data": ".eJxVjDsOwjAQBe_iGll4_YWSnjNYu2sbB5AtxUmFuDtESgHtm5n3EhHXpcZ15DlOSZyFEoffjZAfuW0g3bHduuTelnkiuSlyp0Nee8rPy-7-HVQc9VtrRVyCRR3QuQJQCmsmBnRZKUMEhb1itjZkonAMPpsTFwJvwAAnFu8PCOE45Q:1sneWT:UTP3IvEd-XdiUYDSinrrA5TKygidOxb_YLzjT29ySis",
        "expire_date": "2024-09-09T13:40:21.290Z"
    }
},
{
    "model": "sessions.session",
    "pk": "6qif4povkt5k4661idhmhlklyv6xgsxd",
    "fields": {
        "session_data": ".eJxVjDsOwjAQBe_iGll4_YWSnjNYu2sbB5AtxUmFuDtESgHtm5n3EhHXpcZ15DlOSZyFEoffjZAfuW0g3bHduuTelnkiuSlyp0Nee8rPy-7-HVQc9VtrRVyCRR3QuQJQCmsmBnRZKUMEhb1itjZkonAMPpsTFwJvwAAnFu8PCOE45Q:1sovMu:EdV6GsjmxNEOx42PvGNeLGvNYgh3oxgnsUFk8v7p3Bw",
        "expire_date": "2024-09-13T01:51:44.543Z"
    }
},
{
    "model": "sessions.session",
    "pk": "6y72dh3hcwp6frbde2is59q0situmzx3",
    "fields": {
        "session_data": ".eJxVjDsOwjAQBe_iGll4_YWSnjNYu2sbB5AtxUmFuDtESgHtm5n3EhHXpcZ15DlOSZyFEoffjZAfuW0g3bHduuTelnkiuSlyp0Nee8rPy-7-HVQc9VtrRVyCRR3QuQJQCmsmBnRZKUMEhb1itjZkonAMPpsTFwJvwAAnFu8PCOE45Q:1soCba:dkHVzYCG43vDfYuBlxPLc5sMP-w3D1jFdNqwKhka9pE",
        "expire_date": "2024-09-11T02:03:54.136Z"
    }
},
{
    "model": "sessions.session",
    "pk": "788w5jx4tplsrrj1vy9mhthj6b9xsxwo",
    "fields": {
        "session_data": ".eJxVjDsOwjAQBe_iGll4_YWSnjNYu2sbB5AtxUmFuDtESgHtm5n3EhHXpcZ15DlOSZyFEoffjZAfuW0g3bHduuTelnkiuSlyp0Nee8rPy-7-HVQc9VtrRVyCRR3QuQJQCmsmBnRZKUMEhb1itjZkonAMPpsTFwJvwAAnFu8PCOE45Q:1smezH:AqxXGrbM0YNYnqZENLfQwC9LXM6hT8CjTTd1EeipGzM",
        "expire_date": "2024-09-06T19:57:59.388Z"
    }
},
{
    "model": "sessions.session",
    "pk": "78a6bisjfg55roi4s3sm9gd3txo660kk",
    "fields": {
        "session_data": ".eJxVjDsOwjAQBe_iGll4_YWSnjNYu2sbB5AtxUmFuDtESgHtm5n3EhHXpcZ15DlOSZyFEoffjZAfuW0g3bHduuTelnkiuSlyp0Nee8rPy-7-HVQc9VtrRVyCRR3QuQJQCmsmBnRZKUMEhb1itjZkonAMPpsTFwJvwAAnFu8PCOE45Q:1sqBUN:ZlUx8a7UQk1Nh55_9J9PdylCHztQsmyHk5eAfbJj7f0",
        "expire_date": "2024-09-16T13:16:39.726Z"
    }
},
{
    "model": "sessions.session",
    "pk": "7c4x4cyhjainln83nfl9dvewi2t9xx7p",
    "fields": {
        "session_data": ".eJxVjDsOwjAQBe_iGll4_YWSnjNYu2sbB5AtxUmFuDtESgHtm5n3EhHXpcZ15DlOSZyFEoffjZAfuW0g3bHduuTelnkiuSlyp0Nee8rPy-7-HVQc9VtrRVyCRR3QuQJQCmsmBnRZKUMEhb1itjZkonAMPpsTFwJvwAAnFu8PCOE45Q:1smh6f:yE5niInXBIzQF3dfMNwj7zmNMtWDP_ZEB6AhiiNuOlY",
        "expire_date": "2024-09-06T22:13:45.488Z"
    }
},
{
    "model": "sessions.session",
    "pk": "7h5axhhhiqk2d4egrb6ztbixzzge4ndr",
    "fields": {
        "session_data": ".eJxVjDsOwjAQBe_iGll4_YWSnjNYu2sbB5AtxUmFuDtESgHtm5n3EhHXpcZ15DlOSZyFEoffjZAfuW0g3bHduuTelnkiuSlyp0Nee8rPy-7-HVQc9VtrRVyCRR3QuQJQCmsmBnRZKUMEhb1itjZkonAMPpsTFwJvwAAnFu8PCOE45Q:1soBwZ:U3cDTpDXg03p-pCBIl6h77T_ii-5-S5rstMSFOcugvs",
        "expire_date": "2024-09-11T01:21:31.549Z"
    }
},
{
    "model": "sessions.session",
    "pk": "7jywiif9385z9u5vr7jjbrp6kz7z0x1g",
    "fields": {
        "session_data": ".eJxVjDsOwjAQBe_iGll4_YWSnjNYu2sbB5AtxUmFuDtESgHtm5n3EhHXpcZ15DlOSZyFEoffjZAfuW0g3bHduuTelnkiuSlyp0Nee8rPy-7-HVQc9VtrRVyCRR3QuQJQCmsmBnRZKUMEhb1itjZkonAMPpsTFwJvwAAnFu8PCOE45Q:1soOn5:PtfBC18M4HatecdDI9i73ypEovOO8TcGOFOuAMccHQg",
        "expire_date": "2024-09-11T15:04:35.656Z"
    }
},
{
    "model": "sessions.session",
    "pk": "8c9d8slvbtwy64qyapgbb63sixcimghu",
    "fields": {
        "session_data": ".eJxVjDsOwjAQBe_iGll4_YWSnjNYu2sbB5AtxUmFuDtESgHtm5n3EhHXpcZ15DlOSZyFEoffjZAfuW0g3bHduuTelnkiuSlyp0Nee8rPy-7-HVQc9VtrRVyCRR3QuQJQCmsmBnRZKUMEhb1itjZkonAMPpsTFwJvwAAnFu8PCOE45Q:1sng5A:lUySG-Uyuk-OuRRFudo0mfZfkB5PBTyoq4JFb6Qm_XY",
        "expire_date": "2024-09-09T15:20:16.816Z"
    }
},
{
    "model": "sessions.session",
    "pk": "8hc52s2kkwbpj90n4y5pb3vctcmevkpd",
    "fields": {
        "session_data": ".eJxVjDsOwjAQBe_iGll4_YWSnjNYu2sbB5AtxUmFuDtESgHtm5n3EhHXpcZ15DlOSZyFEoffjZAfuW0g3bHduuTelnkiuSlyp0Nee8rPy-7-HVQc9VtrRVyCRR3QuQJQCmsmBnRZKUMEhb1itjZkonAMPpsTFwJvwAAnFu8PCOE45Q:1soQ7c:-Ngkz_rbKdCVaeoAYENIZkvm7KwGtDM7Wb3fzPk-ens",
        "expire_date": "2024-09-11T16:29:52.432Z"
    }
},
{
    "model": "sessions.session",
    "pk": "8ma26gsjrn0mp7jptw2cp8qfbsyiyndi",
    "fields": {
        "session_data": ".eJxVjDsOwjAQBe_iGll4_YWSnjNYu2sbB5AtxUmFuDtESgHtm5n3EhHXpcZ15DlOSZyFEoffjZAfuW0g3bHduuTelnkiuSlyp0Nee8rPy-7-HVQc9VtrRVyCRR3QuQJQCmsmBnRZKUMEhb1itjZkonAMPpsTFwJvwAAnFu8PCOE45Q:1srF6c:QJEP0fk_w1gs7PJpX43hYyknDKtBW48VpIGrQ5aFieM",
        "expire_date": "2024-09-19T11:20:30.787Z"
    }
},
{
    "model": "sessions.session",
    "pk": "978vb34t764iz5g997vllcatitaatkgf",
    "fields": {
        "session_data": ".eJxVjDsOwjAQBe_iGll4_YWSnjNYu2sbB5AtxUmFuDtESgHtm5n3EhHXpcZ15DlOSZyFEoffjZAfuW0g3bHduuTelnkiuSlyp0Nee8rPy-7-HVQc9VtrRVyCRR3QuQJQCmsmBnRZKUMEhb1itjZkonAMPpsTFwJvwAAnFu8PCOE45Q:1smBQt:HjcPssw7IJdr9BECHTcPyh8WinpodhQhuhQEI2JV6Ok",
        "expire_date": "2024-09-05T12:24:31.385Z"
    }
},
{
    "model": "sessions.session",
    "pk": "99ugw8mfbmyy80zdu3mflprggrnmn61e",
    "fields": {
        "session_data": ".eJxVjDsOgzAQRO_iOrJYvLaXlOk5g-XPEpNEtoShinL3gESRSFPNezNv4fy2Zrc1XtycxFUAistvGXx8cjlIevhyrzLWsi5zkIciT9rkWBO_bqf7d5B9y_uaASIa0EpZotRjJDJ20jwMHrkDkxRboJAQsO_2RJrAathtUExGic8X1uo2Yw:1srGK7:IY1AjSh7EAKIVPAiWCdtmjJ2UfWg9N6BTluiIgdahA8",
        "expire_date": "2024-09-19T14:31:51.702Z"
    }
},
{
    "model": "sessions.session",
    "pk": "9fi5um5o4z4m0knixrhe35w9riohz369",
    "fields": {
        "session_data": ".eJxVjDsOwjAQBe_iGll4_YWSnjNYu2sbB5AtxUmFuDtESgHtm5n3EhHXpcZ15DlOSZyFEoffjZAfuW0g3bHduuTelnkiuSlyp0Nee8rPy-7-HVQc9VtrRVyCRR3QuQJQCmsmBnRZKUMEhb1itjZkonAMPpsTFwJvwAAnFu8PCOE45Q:1smk20:mhfzD5Yf1DVIvo5DBRMOphvITJk7J5a9Kseq_SIWO6g",
        "expire_date": "2024-09-07T01:21:08.929Z"
    }
},
{
    "model": "sessions.session",
    "pk": "9ilifvomgbj3tap22pi4a44sz97tq5bv",
    "fields": {
        "session_data": ".eJxVjDsOwjAQBe_iGll4_YWSnjNYu2sbB5AtxUmFuDtESgHtm5n3EhHXpcZ15DlOSZyFEoffjZAfuW0g3bHduuTelnkiuSlyp0Nee8rPy-7-HVQc9VtrRVyCRR3QuQJQCmsmBnRZKUMEhb1itjZkonAMPpsTFwJvwAAnFu8PCOE45Q:1sqF62:fR8laj1J-7bC3bDTI62F6QyW4Q0dkG6_fTRls8UkI9A",
        "expire_date": "2024-09-16T17:07:46.854Z"
    }
},
{
    "model": "sessions.session",
    "pk": "a9v5f5vlujyg6yvewyjwvms1i1mrwnry",
    "fields": {
        "session_data": ".eJxVjDsOwjAQBe_iGll4_YWSnjNYu2sbB5AtxUmFuDtESgHtm5n3EhHXpcZ15DlOSZyFEoffjZAfuW0g3bHduuTelnkiuSlyp0Nee8rPy-7-HVQc9VtrRVyCRR3QuQJQCmsmBnRZKUMEhb1itjZkonAMPpsTFwJvwAAnFu8PCOE45Q:1sp6Ae:NYYTL6Ev7BhpjLaCvqjXTDbA4eP4ntIsHDF-O8J8YGE",
        "expire_date": "2024-09-13T13:23:48.144Z"
    }
},
{
    "model": "sessions.session",
    "pk": "afsmeppspv7qcmr6e0u378l2zjghx0hy",
    "fields": {
        "session_data": ".eJxVjDsOwjAQBe_iGll4_YWSnjNYu2sbB5AtxUmFuDtESgHtm5n3EhHXpcZ15DlOSZyFEoffjZAfuW0g3bHduuTelnkiuSlyp0Nee8rPy-7-HVQc9VtrRVyCRR3QuQJQCmsmBnRZKUMEhb1itjZkonAMPpsTFwJvwAAnFu8PCOE45Q:1sndtx:CNxhK-y9le7e5ULt46diXmk2Ool_Cv9acQgfL-foCow",
        "expire_date": "2024-09-09T13:00:33.821Z"
    }
},
{
    "model": "sessions.session",
    "pk": "amt293h3g2ndinm6u00eawlldneb59hu",
    "fields": {
        "session_data": ".eJxVjDkOwjAQRe_iGlnxEi-U9JzBmrFncADZUpYKcXeIlALa_977L5FgW2vaFprTVMRZGHH63RDyg9oOyh3arcvc2zpPKHdFHnSR117oeTncv4MKS_3WFjwapRli8BGjtmRHVqgHRFuYQ47GZM7OaWVIE4HhIThtxzxYRo_i_QHqcTgx:1sno0V:m-XLBjXCK4LqcSNYhWUQMGQWQV2se_njn0NcnGlVYRw",
        "expire_date": "2024-09-09T23:47:59.477Z"
    }
},
{
    "model": "sessions.session",
    "pk": "aoxzvcetrtxf1bdnkzrnaf26vhe5hbvf",
    "fields": {
        "session_data": ".eJxVjDsOwjAQBe_iGll4_YWSnjNYu2sbB5AtxUmFuDtESgHtm5n3EhHXpcZ15DlOSZyFEoffjZAfuW0g3bHduuTelnkiuSlyp0Nee8rPy-7-HVQc9VtrRVyCRR3QuQJQCmsmBnRZKUMEhb1itjZkonAMPpsTFwJvwAAnFu8PCOE45Q:1sl98Z:HExbTzgQuBCjF6zHArhvi0aLchyYtyr1XaJw4YgJNXU",
        "expire_date": "2024-09-02T15:45:19.276Z"
    }
},
{
    "model": "sessions.session",
    "pk": "bnyv5zgpwtuv1xdrq7uhnnukxtdt4knw",
    "fields": {
        "session_data": ".eJxVjDsOwjAQBe_iGll4_YWSnjNYu2sbB5AtxUmFuDtESgHtm5n3EhHXpcZ15DlOSZyFEoffjZAfuW0g3bHduuTelnkiuSlyp0Nee8rPy-7-HVQc9VtrRVyCRR3QuQJQCmsmBnRZKUMEhb1itjZkonAMPpsTFwJvwAAnFu8PCOE45Q:1skCnh:lUF362359pF8fk1ZeWCVUkK8RTfQns1gs1XERJ4eqY4",
        "expire_date": "2024-08-31T01:27:53.502Z"
    }
},
{
    "model": "sessions.session",
    "pk": "bohho2h5ci6ebhrckqzn63z1nvicboer",
    "fields": {
        "session_data": ".eJxVjDsOwjAQBe_iGll4_YWSnjNYu2sbB5AtxUmFuDtESgHtm5n3EhHXpcZ15DlOSZyFEoffjZAfuW0g3bHduuTelnkiuSlyp0Nee8rPy-7-HVQc9VtrRVyCRR3QuQJQCmsmBnRZKUMEhb1itjZkonAMPpsTFwJvwAAnFu8PCOE45Q:1skCzo:qOsIkrtf5cSVqBiSfcpsvVbuV0ReoXVViJWjVgCqDmM",
        "expire_date": "2024-08-31T01:40:24.342Z"
    }
},
{
    "model": "sessions.session",
    "pk": "c0iwuszuv5mhj232p7kb2cy9ev8oxa3s",
    "fields": {
        "session_data": ".eJxVjDsOwjAQBe_iGll4_YWSnjNYu2sbB5AtxUmFuDtESgHtm5n3EhHXpcZ15DlOSZyFEoffjZAfuW0g3bHduuTelnkiuSlyp0Nee8rPy-7-HVQc9VtrRVyCRR3QuQJQCmsmBnRZKUMEhb1itjZkonAMPpsTFwJvwAAnFu8PCOE45Q:1srgCV:aT3ZUkG_e-GnGAG-V2GxIa3v9ZrzwkQmpnAsPEn1l9s",
        "expire_date": "2024-09-20T18:09:43.949Z"
    }
},
{
    "model": "sessions.session",
    "pk": "c7stvi43pjwdahezirbum15gn23k4t7x",
    "fields": {
        "session_data": ".eJxVjDsOwjAQBe_iGll4_YWSnjNYu2sbB5AtxUmFuDtESgHtm5n3EhHXpcZ15DlOSZyFEoffjZAfuW0g3bHduuTelnkiuSlyp0Nee8rPy-7-HVQc9VtrRVyCRR3QuQJQCmsmBnRZKUMEhb1itjZkonAMPpsTFwJvwAAnFu8PCOE45Q:1slylb:re8knBytpt7n_I4zW3ispgj67-zcx6COXNgEKeddniM",
        "expire_date": "2024-09-04T22:53:03.674Z"
    }
},
{
    "model": "sessions.session",
    "pk": "cfx2562cr9qjyfhpkzgjmjv9ekq5sbph",
    "fields": {
        "session_data": ".eJxVjDsOwjAQBe_iGll4_YWSnjNYu2sbB5AtxUmFuDtESgHtm5n3EhHXpcZ15DlOSZyFEoffjZAfuW0g3bHduuTelnkiuSlyp0Nee8rPy-7-HVQc9VtrRVyCRR3QuQJQCmsmBnRZKUMEhb1itjZkonAMPpsTFwJvwAAnFu8PCOE45Q:1sr69S:wsBZ07jf7ijG7LJd7JjeF4QU_mOcJCrKX7VTjSqdGQA",
        "expire_date": "2024-09-19T01:46:50.948Z"
    }
},
{
    "model": "sessions.session",
    "pk": "ci0v3d7802oos5u50cxhm2l59zk199kj",
    "fields": {
        "session_data": ".eJxVjDsOwjAQBe_iGln-75qSnjNYXn9wADlSnFSIu0OkFNC-mXkvFuK2trCNsoQpszNz7PS7UUyP0neQ77HfZp7mvi4T8V3hBx38OufyvBzu30GLo31rAjAiUi0iS_SQNACBIkSpBUlvBRYtqnUOq_bOGLSyRlTKK_CqVsfeH8eMNqY:1sqBb7:cf01L1ovkqyDuZ_rAkHzZwRfAKVkFilJGcRImRKeWnY",
        "expire_date": "2024-09-16T13:23:37.893Z"
    }
},
{
    "model": "sessions.session",
    "pk": "cqsavf5bifig19rgp4rfmw5lw5avqyyy",
    "fields": {
        "session_data": ".eJxVjDsOwjAQBe_iGll4_YWSnjNYu2sbB5AtxUmFuDtESgHtm5n3EhHXpcZ15DlOSZyFEoffjZAfuW0g3bHduuTelnkiuSlyp0Nee8rPy-7-HVQc9VtrRVyCRR3QuQJQCmsmBnRZKUMEhb1itjZkonAMPpsTFwJvwAAnFu8PCOE45Q:1srO3l:hRxMIEVFvy_GxkHTgCtu0WLDlJV6UQU3s8lBmGH09oM",
        "expire_date": "2024-09-19T22:47:29.954Z"
    }
},
{
    "model": "sessions.session",
    "pk": "ctiemh465hraspzj8dh67f4k6fejpo46",
    "fields": {
        "session_data": ".eJxVjDsOwjAQBe_iGll4_YWSnjNYu2sbB5AtxUmFuDtESgHtm5n3EhHXpcZ15DlOSZyFEoffjZAfuW0g3bHduuTelnkiuSlyp0Nee8rPy-7-HVQc9VtrRVyCRR3QuQJQCmsmBnRZKUMEhb1itjZkonAMPpsTFwJvwAAnFu8PCOE45Q:1smBSZ:x1r3QUeIMuzYbWgLIkF4CXy_LEqCud6ADcbZftLci2w",
        "expire_date": "2024-09-05T12:26:15.523Z"
    }
},
{
    "model": "sessions.session",
    "pk": "cx6xccmdgs8einggnapao94qs5970727",
    "fields": {
        "session_data": ".eJxVjDsOwjAQBe_iGll4_YWSnjNYu2sbB5AtxUmFuDtESgHtm5n3EhHXpcZ15DlOSZyFEoffjZAfuW0g3bHduuTelnkiuSlyp0Nee8rPy-7-HVQc9VtrRVyCRR3QuQJQCmsmBnRZKUMEhb1itjZkonAMPpsTFwJvwAAnFu8PCOE45Q:1st5fG:yidPZ8EGcr0gUbeFmYm3IE_zqU5Qbnb7Bng1qmOK6eE",
        "expire_date": "2024-09-24T15:33:14.162Z"
    }
},
{
    "model": "sessions.session",
    "pk": "d13badu24ughk7ifujhhvkunsn07wyvd",
    "fields": {
        "session_data": ".eJxVjDsOwjAQBe_iGll4_YWSnjNYu2sbB5AtxUmFuDtESgHtm5n3EhHXpcZ15DlOSZyFEoffjZAfuW0g3bHduuTelnkiuSlyp0Nee8rPy-7-HVQc9VtrRVyCRR3QuQJQCmsmBnRZKUMEhb1itjZkonAMPpsTFwJvwAAnFu8PCOE45Q:1slvoV:qZjeKhLEexR2AXiG1HZX-_VlfHItkQVHUoDOnobUup0",
        "expire_date": "2024-09-04T19:43:51.463Z"
    }
},
{
    "model": "sessions.session",
    "pk": "d4otdu2ca64drvguahegy8dh1jl220tq",
    "fields": {
        "session_data": ".eJxVjDsOwjAQBe_iGll4_YWSnjNYu2sbB5AtxUmFuDtESgHtm5n3EhHXpcZ15DlOSZyFEoffjZAfuW0g3bHduuTelnkiuSlyp0Nee8rPy-7-HVQc9VtrRVyCRR3QuQJQCmsmBnRZKUMEhb1itjZkonAMPpsTFwJvwAAnFu8PCOE45Q:1ssmwY:61TvlSjE442d8f4XpXC2xZcLgQ-GCVrg18gcWQHO8Lg",
        "expire_date": "2024-09-23T19:33:50.986Z"
    }
},
{
    "model": "sessions.session",
    "pk": "dcpjjdaoyf2rnaeb7sk1g86a2i3wwh4t",
    "fields": {
        "session_data": ".eJxVjDsOwjAQBe_iGll4_YWSnjNYu2sbB5AtxUmFuDtESgHtm5n3EhHXpcZ15DlOSZyFEoffjZAfuW0g3bHduuTelnkiuSlyp0Nee8rPy-7-HVQc9VtrRVyCRR3QuQJQCmsmBnRZKUMEhb1itjZkonAMPpsTFwJvwAAnFu8PCOE45Q:1sri8Q:12cixmMcDGEzgg-bJ4nfWjkwtvhgmTR1Kl-Q5LYJirg",
        "expire_date": "2024-09-20T20:13:38.428Z"
    }
},
{
    "model": "sessions.session",
    "pk": "dlkt7el1024riristafsyufcnemxf9p9",
    "fields": {
        "session_data": ".eJxVjDsOwjAQBe_iGll4_YWSnjNYu2sbB5AtxUmFuDtESgHtm5n3EhHXpcZ15DlOSZyFEoffjZAfuW0g3bHduuTelnkiuSlyp0Nee8rPy-7-HVQc9VtrRVyCRR3QuQJQCmsmBnRZKUMEhb1itjZkonAMPpsTFwJvwAAnFu8PCOE45Q:1slqQF:S007D2XuinV4v9ONQ4LbsVxmrkmBAjvKZewHTby4rtg",
        "expire_date": "2024-09-04T13:58:27.655Z"
    }
},
{
    "model": "sessions.session",
    "pk": "dt029bwm7rc61czsqzy7ynhnhziw1myt",
    "fields": {
        "session_data": ".eJxVjDsOwjAQBe_iGll4_YWSnjNYu2sbB5AtxUmFuDtESgHtm5n3EhHXpcZ15DlOSZyFEoffjZAfuW0g3bHduuTelnkiuSlyp0Nee8rPy-7-HVQc9VtrRVyCRR3QuQJQCmsmBnRZKUMEhb1itjZkonAMPpsTFwJvwAAnFu8PCOE45Q:1smfRc:qIZxA1QPvheQ_XrUBzxh8FiJTm2_mwqPUIovUOVq2R0",
        "expire_date": "2024-09-06T20:27:16.462Z"
    }
},
{
    "model": "sessions.session",
    "pk": "e2fm1ax88fkqsv98mcgxdt7ug5n2tj4a",
    "fields": {
        "session_data": ".eJxVjEEOwiAQRe_C2hAKw0BduvcMZIBBqoYmpV0Z765NutDtf-_9lwi0rTVsnZcwZXEWWpx-t0jpwW0H-U7tNss0t3WZotwVedAur3Pm5-Vw_w4q9fqtCcFrMIZyJi7FKRjRIHMsUbOxHhRYy6DtoFJSxqbCGjm76HBAP0bx_gDn5TfW:1soSSw:MDWo5F_tAX_e6dywGbRlRO5F20SaoQXbew1N2HFirqQ",
        "expire_date": "2024-09-11T19:00:02.822Z"
    }
},
{
    "model": "sessions.session",
    "pk": "e352mymwyaydqhyfuk2h3my8vad4dki4",
    "fields": {
        "session_data": ".eJxVjDsOwjAQBe_iGll4_YWSnjNYu2sbB5AtxUmFuDtESgHtm5n3EhHXpcZ15DlOSZyFEoffjZAfuW0g3bHduuTelnkiuSlyp0Nee8rPy-7-HVQc9VtrRVyCRR3QuQJQCmsmBnRZKUMEhb1itjZkonAMPpsTFwJvwAAnFu8PCOE45Q:1snr26:W9ImRJzvEuG0mHgN-GNInE-9fag9qb-HYG2Jry92SYs",
        "expire_date": "2024-09-10T03:01:50.465Z"
    }
},
{
    "model": "sessions.session",
    "pk": "e4jgm9h204388edy61upsydnr53c285v",
    "fields": {
        "session_data": ".eJxVjDsOwjAQBe_iGll4_YWSnjNYu2sbB5AtxUmFuDtESgHtm5n3EhHXpcZ15DlOSZyFEoffjZAfuW0g3bHduuTelnkiuSlyp0Nee8rPy-7-HVQc9VtrRVyCRR3QuQJQCmsmBnRZKUMEhb1itjZkonAMPpsTFwJvwAAnFu8PCOE45Q:1slAgh:qVDvd3d3b3gVQofYzNk-ldyK2JFw553xXegHNswe-vU",
        "expire_date": "2024-09-02T17:24:39.889Z"
    }
},
{
    "model": "sessions.session",
    "pk": "e8pdgcqny4umygds3ydtrsrrjx7xa2cw",
    "fields": {
        "session_data": ".eJxVjDsOwjAQBe_iGll4_YWSnjNYu2sbB5AtxUmFuDtESgHtm5n3EhHXpcZ15DlOSZyFEoffjZAfuW0g3bHduuTelnkiuSlyp0Nee8rPy-7-HVQc9VtrRVyCRR3QuQJQCmsmBnRZKUMEhb1itjZkonAMPpsTFwJvwAAnFu8PCOE45Q:1soOYG:IJHMagMoEdaqR8pn8mMusQcKBZpyrITd1pEUiOw6eNY",
        "expire_date": "2024-09-11T14:49:16.829Z"
    }
},
{
    "model": "sessions.session",
    "pk": "ep0zhv69i8cp295cj4kbwmundii26d2d",
    "fields": {
        "session_data": ".eJxVjDsOwjAQBe_iGll4_YWSnjNYu2sbB5AtxUmFuDtESgHtm5n3EhHXpcZ15DlOSZyFEoffjZAfuW0g3bHduuTelnkiuSlyp0Nee8rPy-7-HVQc9VtrRVyCRR3QuQJQCmsmBnRZKUMEhb1itjZkonAMPpsTFwJvwAAnFu8PCOE45Q:1soC29:KCCJTblSTze1Ew8cCUqmnvv4dyikEFQ14nMLtsiFw3k",
        "expire_date": "2024-09-11T01:27:17.866Z"
    }
},
{
    "model": "sessions.session",
    "pk": "fzx4q6mwx7rpiu0oy002fh0ivswlyxhe",
    "fields": {
        "session_data": ".eJxVjDsOwjAQBe_iGll4_YWSnjNYu2sbB5AtxUmFuDtESgHtm5n3EhHXpcZ15DlOSZyFEoffjZAfuW0g3bHduuTelnkiuSlyp0Nee8rPy-7-HVQc9VtrRVyCRR3QuQJQCmsmBnRZKUMEhb1itjZkonAMPpsTFwJvwAAnFu8PCOE45Q:1sjSZZ:WslrvdZ61tL1FaZPy_LGA8nsw048xzVdO2e7SDo6pE8",
        "expire_date": "2024-08-29T00:06:13.249Z"
    }
},
{
    "model": "sessions.session",
    "pk": "h78zra1saerumcfqg01faq1tmynozgrh",
    "fields": {
        "session_data": ".eJxVjDsOwjAQBe_iGll4_YWSnjNYu2sbB5AtxUmFuDtESgHtm5n3EhHXpcZ15DlOSZyFEoffjZAfuW0g3bHduuTelnkiuSlyp0Nee8rPy-7-HVQc9VtrRVyCRR3QuQJQCmsmBnRZKUMEhb1itjZkonAMPpsTFwJvwAAnFu8PCOE45Q:1stBu4:S2sNmrfXrC7hRZiKKOlZVp1Ia_Vuopz2k3nGSe4dc3k",
        "expire_date": "2024-09-24T22:12:56.688Z"
    }
},
{
    "model": "sessions.session",
    "pk": "hs76tn488gp0hjtw83eyegwxo0vfebuu",
    "fields": {
        "session_data": ".eJxVjDsOwjAQBe_iGll4_YWSnjNYu2sbB5AtxUmFuDtESgHtm5n3EhHXpcZ15DlOSZyFEoffjZAfuW0g3bHduuTelnkiuSlyp0Nee8rPy-7-HVQc9VtrRVyCRR3QuQJQCmsmBnRZKUMEhb1itjZkonAMPpsTFwJvwAAnFu8PCOE45Q:1smGeH:tqUjG4G3Hz3nD7YrIZzlg3eKK_tCcGcGaZ4OBf3zxYc",
        "expire_date": "2024-09-05T17:58:41.243Z"
    }
},
{
    "model": "sessions.session",
    "pk": "hzp8yi39lefef4dexa0uttcqe3gg4ziq",
    "fields": {
        "session_data": ".eJxVjDsOwjAQBe_iGll4_YWSnjNYu2sbB5AtxUmFuDtESgHtm5n3EhHXpcZ15DlOSZyFEoffjZAfuW0g3bHduuTelnkiuSlyp0Nee8rPy-7-HVQc9VtrRVyCRR3QuQJQCmsmBnRZKUMEhb1itjZkonAMPpsTFwJvwAAnFu8PCOE45Q:1soVca:2sd_QDuWniR5YDWWG0zsWmmMUe1Os8jm4FViyzeX6eQ",
        "expire_date": "2024-09-11T22:22:12.687Z"
    }
},
{
    "model": "sessions.session",
    "pk": "i2wier7a3kdo8l3gf2stdtppjgr6u9k2",
    "fields": {
        "session_data": ".eJxVjEsOAiEQBe_C2hD-oEv3noE0dCOjBpJhZmW8uyGZhW5fVb03i7BvNe6D1rgguzCp2Ol3TJCf1CbBB7R757m3bV0Snwo_6OC3jvS6Hu7fQYVRZ43eOECR0YukZAarnc2hKCnOlgp4HxQKRcI4aYoUVmlyOgVNIWvyhn2-Bfc3lg:1srGPs:7ADnLTSlq41pMEG9Mko7uvdNY9PcSD7PQcjpMnk7gnI",
        "expire_date": "2024-09-19T14:37:48.894Z"
    }
},
{
    "model": "sessions.session",
    "pk": "i4ack923bbwrk0eacun9qs1a88ychf69",
    "fields": {
        "session_data": ".eJxVjDsOwjAQBe_iGll4_YWSnjNYu2sbB5AtxUmFuDtESgHtm5n3EhHXpcZ15DlOSZyFEoffjZAfuW0g3bHduuTelnkiuSlyp0Nee8rPy-7-HVQc9VtrRVyCRR3QuQJQCmsmBnRZKUMEhb1itjZkonAMPpsTFwJvwAAnFu8PCOE45Q:1spBMC:BCrvVKLnfc4Y5qxlQwPtWSf6q0puTI7WDs8iQaQvDR0",
        "expire_date": "2024-09-13T18:56:04.147Z"
    }
},
{
    "model": "sessions.session",
    "pk": "iakxd7aumee867kmrs4tinqjh6z8q6ze",
    "fields": {
        "session_data": ".eJxVjDsOwjAQBe_iGll4_YWSnjNYu2sbB5AtxUmFuDtESgHtm5n3EhHXpcZ15DlOSZyFEoffjZAfuW0g3bHduuTelnkiuSlyp0Nee8rPy-7-HVQc9VtrRVyCRR3QuQJQCmsmBnRZKUMEhb1itjZkonAMPpsTFwJvwAAnFu8PCOE45Q:1skF7p:p9M8kAmDFgaAHiR5jcrmREFGhCZNthHrIRu8CgrvOoU",
        "expire_date": "2024-08-31T03:56:49.166Z"
    }
},
{
    "model": "sessions.session",
    "pk": "j0z1u97c8pdflsvmvwy6a9rgty97feqb",
    "fields": {
        "session_data": ".eJxVjDsOwjAQBe_iGll4_YWSnjNYu2sbB5AtxUmFuDtESgHtm5n3EhHXpcZ15DlOSZyFEoffjZAfuW0g3bHduuTelnkiuSlyp0Nee8rPy-7-HVQc9VtrRVyCRR3QuQJQCmsmBnRZKUMEhb1itjZkonAMPpsTFwJvwAAnFu8PCOE45Q:1sqzBZ:alBIZGc8i6yBcEe-KB3giAYkfYTWPnVRvSX7SOYVcbk",
        "expire_date": "2024-09-18T18:20:33.851Z"
    }
},
{
    "model": "sessions.session",
    "pk": "j4hdedazbh488n0c8zr04fbgekjq3yl5",
    "fields": {
        "session_data": ".eJxVjDsOwjAQBe_iGll4_YWSnjNYu2sbB5AtxUmFuDtESgHtm5n3EhHXpcZ15DlOSZyFEoffjZAfuW0g3bHduuTelnkiuSlyp0Nee8rPy-7-HVQc9VtrRVyCRR3QuQJQCmsmBnRZKUMEhb1itjZkonAMPpsTFwJvwAAnFu8PCOE45Q:1sov5y:uQOLmwhpOjb3YxMQ1eHwbs28qRj497Yor1SVIdeO0_U",
        "expire_date": "2024-09-13T01:34:14.010Z"
    }
},
{
    "model": "sessions.session",
    "pk": "jc068sqa9sztwszymn6qa1qugrga1ldg",
    "fields": {
        "session_data": ".eJxVjDsOwjAQBe_iGll4_YWSnjNYu2sbB5AtxUmFuDtESgHtm5n3EhHXpcZ15DlOSZyFEoffjZAfuW0g3bHduuTelnkiuSlyp0Nee8rPy-7-HVQc9VtrRVyCRR3QuQJQCmsmBnRZKUMEhb1itjZkonAMPpsTFwJvwAAnFu8PCOE45Q:1sr5uh:0qaA-Ep6ldEkBr4S9wcytFzApMEyMrGYeS_h39CZkZw",
        "expire_date": "2024-09-19T01:31:35.395Z"
    }
},
{
    "model": "sessions.session",
    "pk": "jqcn6t0rr8hfdzrp0v0g75nur0awfsxd",
    "fields": {
        "session_data": ".eJxVjEsOAiEQBe_C2hD-oEv3noE0dCOjBpJhZmW8uyGZhW5fVb03i7BvNe6D1rgguzCp2Ol3TJCf1CbBB7R757m3bV0Snwo_6OC3jvS6Hu7fQYVRZ43eOECR0YukZAarnc2hKCnOlgp4HxQKRcI4aYoUVmlyOgVNIWvyhn2-Bfc3lg:1sskCD:0HiBymPIlSe_ifcYSf2z1H7kEwWmtepwgexzXMu8Qcw",
        "expire_date": "2024-09-23T16:37:49.156Z"
    }
},
{
    "model": "sessions.session",
    "pk": "juj8fqep4izpm3mr4gfzmb0b7rljueti",
    "fields": {
        "session_data": ".eJxVjDsOwjAQBe_iGll4_YWSnjNYu2sbB5AtxUmFuDtESgHtm5n3EhHXpcZ15DlOSZyFEoffjZAfuW0g3bHduuTelnkiuSlyp0Nee8rPy-7-HVQc9VtrRVyCRR3QuQJQCmsmBnRZKUMEhb1itjZkonAMPpsTFwJvwAAnFu8PCOE45Q:1sqdQs:yJ7IfOhtBXaLnS1122hwbRD0vJYxeZXuBkKoSbYL2u4",
        "expire_date": "2024-09-17T19:06:54.282Z"
    }
},
{
    "model": "sessions.session",
    "pk": "jvwjq7u9n1hx7rb4n8pm58x9zr0efz3c",
    "fields": {
        "session_data": ".eJxVjDsOwjAQBe_iGll4_YWSnjNYu2sbB5AtxUmFuDtESgHtm5n3EhHXpcZ15DlOSZyFEoffjZAfuW0g3bHduuTelnkiuSlyp0Nee8rPy-7-HVQc9VtrRVyCRR3QuQJQCmsmBnRZKUMEhb1itjZkonAMPpsTFwJvwAAnFu8PCOE45Q:1slB8g:dwcokraIFG8_vskZWUm8kjsROyytsT6VU2iA5ovhFM0",
        "expire_date": "2024-09-02T17:53:34.464Z"
    }
},
{
    "model": "sessions.session",
    "pk": "k4h1damec6tibscuho4n0fpnt3fwygut",
    "fields": {
        "session_data": ".eJxVjDsOwjAQBe_iGll4_YWSnjNYu2sbB5AtxUmFuDtESgHtm5n3EhHXpcZ15DlOSZyFEoffjZAfuW0g3bHduuTelnkiuSlyp0Nee8rPy-7-HVQc9VtrRVyCRR3QuQJQCmsmBnRZKUMEhb1itjZkonAMPpsTFwJvwAAnFu8PCOE45Q:1sqBN8:TLGgmqs-Fr2-_Zqt4IEvZYXZR_tnTvKhhn73ZOijoQs",
        "expire_date": "2024-09-16T13:09:10.047Z"
    }
},
{
    "model": "sessions.session",
    "pk": "khv074wdxl5qzxbz8pvct7wjkqy55uui",
    "fields": {
        "session_data": ".eJxVjDsOwjAQBe_iGll4_YWSnjNYu2sbB5AtxUmFuDtESgHtm5n3EhHXpcZ15DlOSZyFEoffjZAfuW0g3bHduuTelnkiuSlyp0Nee8rPy-7-HVQc9VtrRVyCRR3QuQJQCmsmBnRZKUMEhb1itjZkonAMPpsTFwJvwAAnFu8PCOE45Q:1soMnK:xnuPh7-Fu92646HYOpp33KzJCbK3MQl8UAZ70ACXMFM",
        "expire_date": "2024-09-11T12:56:42.272Z"
    }
},
{
    "model": "sessions.session",
    "pk": "l6czqt67w5i5hpliz38mv3078i3ndubk",
    "fields": {
        "session_data": ".eJxVjDsOAiEUAO9CbQj_j6X9noE8HiCrBpJltzLe3ZBsoe3MZN4kwLHXcIy8hTWRK-GOXH5hBHzmNk16QLt3ir3t2xrpTOhpB116yq_b2f4NKow6vwKFscVoKVDJ4p0tnnEnPDMyY1IA3jArkRULAAoxG6ME6OxT5Foi-XwB7Ns32Q:1srkDd:fewWd6yFYpPlpydYF2H3rsEC_MMiE6ggvuvqieBjAJY",
        "expire_date": "2024-09-20T22:27:09.538Z"
    }
},
{
    "model": "sessions.session",
    "pk": "l7yit4c46t8g6w1m1t0byzbbvw3p7mva",
    "fields": {
        "session_data": ".eJxVjDsOwjAQBe_iGll2En9CSc8Zot31Lg4gW4qTCnF3iJQC2jcz76Um2NY8bY2XaU7qrGyvTr8jAj247CTdodyqplrWZUa9K_qgTV9r4uflcP8OMrT8rYUkSYjE_egQoY8eOBCL90GSIRoGgw46y0ECm7GzPkYxUUYiRnSk3h9J2jmc:1sreqo:RGjwktN9gK-kiCnqpn5vWtkIIZgN7TH7Lnb8zlk3l-U",
        "expire_date": "2024-09-20T16:43:14.711Z"
    }
},
{
    "model": "sessions.session",
    "pk": "lbbu6i32pwb40g593b39dngo2t4a7mtn",
    "fields": {
        "session_data": ".eJxVjDsOwjAQBe_iGll4_YWSnjNYu2sbB5AtxUmFuDtESgHtm5n3EhHXpcZ15DlOSZyFEoffjZAfuW0g3bHduuTelnkiuSlyp0Nee8rPy-7-HVQc9VtrRVyCRR3QuQJQCmsmBnRZKUMEhb1itjZkonAMPpsTFwJvwAAnFu8PCOE45Q:1smAsu:jx6JTJWxniAvq3ok6_gRqwrPOJoQllLlTLfA7j0M9Xk",
        "expire_date": "2024-09-05T11:49:24.766Z"
    }
},
{
    "model": "sessions.session",
    "pk": "lbtivc0qlrax28i63iz6jf8tu9ju109l",
    "fields": {
        "session_data": ".eJxVjDsOwjAQBe_iGll4_YWSnjNYu2sbB5AtxUmFuDtESgHtm5n3EhHXpcZ15DlOSZyFEoffjZAfuW0g3bHduuTelnkiuSlyp0Nee8rPy-7-HVQc9VtrRVyCRR3QuQJQCmsmBnRZKUMEhb1itjZkonAMPpsTFwJvwAAnFu8PCOE45Q:1soB0p:WQeJX9V24FCQ0eNK5GMpdqE9EWlO7RficcQnu15R3_E",
        "expire_date": "2024-09-11T00:21:51.123Z"
    }
},
{
    "model": "sessions.session",
    "pk": "lf9bblqbq8i3pbs255pag3g8owtpx9b7",
    "fields": {
        "session_data": ".eJxVjDsOwjAQBe_iGll4_YWSnjNYu2sbB5AtxUmFuDtESgHtm5n3EhHXpcZ15DlOSZyFEoffjZAfuW0g3bHduuTelnkiuSlyp0Nee8rPy-7-HVQc9VtrRVyCRR3QuQJQCmsmBnRZKUMEhb1itjZkonAMPpsTFwJvwAAnFu8PCOE45Q:1soNuJ:qF3yM7RlJIQH736lvVrXKVDaurAUGFicbN9Ohc3pGxg",
        "expire_date": "2024-09-11T14:07:59.055Z"
    }
},
{
    "model": "sessions.session",
    "pk": "lg39zm8oue4re5kcjejs8gzt1ijjxw6m",
    "fields": {
        "session_data": ".eJxVjDsOwjAQBe_iGll4_YWSnjNYu2sbB5AtxUmFuDtESgHtm5n3EhHXpcZ15DlOSZyFEoffjZAfuW0g3bHduuTelnkiuSlyp0Nee8rPy-7-HVQc9VtrRVyCRR3QuQJQCmsmBnRZKUMEhb1itjZkonAMPpsTFwJvwAAnFu8PCOE45Q:1smCGY:IqsB96cVMdaTk7XWhJBrFTlrZDpxJnA0DWVBUou3HL0",
        "expire_date": "2024-09-05T13:17:54.532Z"
    }
},
{
    "model": "sessions.session",
    "pk": "lnqr0xokkkpqghlb5n1avbd50d6ytfq0",
    "fields": {
        "session_data": ".eJxVjDsOwjAQBe_iGll4_YWSnjNYu2sbB5AtxUmFuDtESgHtm5n3EhHXpcZ15DlOSZyFEoffjZAfuW0g3bHduuTelnkiuSlyp0Nee8rPy-7-HVQc9VtrRVyCRR3QuQJQCmsmBnRZKUMEhb1itjZkonAMPpsTFwJvwAAnFu8PCOE45Q:1sqBGT:fwbb_x0fMlQ2aD-HQ4s2PGVJMvjvS4iLRhAX4ZR-txo",
        "expire_date": "2024-09-16T13:02:17.016Z"
    }
},
{
    "model": "sessions.session",
    "pk": "lxmr9ex5odu66tb96vcsv2v45007ok7e",
    "fields": {
        "session_data": ".eJxVjDsOwjAQBe_iGll4_YWSnjNYu2sbB5AtxUmFuDtESgHtm5n3EhHXpcZ15DlOSZyFEoffjZAfuW0g3bHduuTelnkiuSlyp0Nee8rPy-7-HVQc9VtrRVyCRR3QuQJQCmsmBnRZKUMEhb1itjZkonAMPpsTFwJvwAAnFu8PCOE45Q:1slysW:tYzjPQBBZyCPKNdq2i42Y9utMejbQUPYD4DILhlIL_M",
        "expire_date": "2024-09-04T23:00:12.002Z"
    }
},
{
    "model": "sessions.session",
    "pk": "m0128wan6oktykiouvir11k219ra3kv2",
    "fields": {
        "session_data": ".eJxVjDsOwjAQBe_iGll4_YWSnjNYu2sbB5AtxUmFuDtESgHtm5n3EhHXpcZ15DlOSZyFEoffjZAfuW0g3bHduuTelnkiuSlyp0Nee8rPy-7-HVQc9VtrRVyCRR3QuQJQCmsmBnRZKUMEhb1itjZkonAMPpsTFwJvwAAnFu8PCOE45Q:1sr6Jv:g9hdAmBs46axw4eZAbI8jERHxLIO5YgwITEUiRpsIR4",
        "expire_date": "2024-09-19T01:57:39.255Z"
    }
},
{
    "model": "sessions.session",
    "pk": "m2omoiecaw69x9bbhrlwq1dush0i1hnx",
    "fields": {
        "session_data": ".eJxVjDsOwjAQBe_iGll4_YWSnjNYu2sbB5AtxUmFuDtESgHtm5n3EhHXpcZ15DlOSZyFEoffjZAfuW0g3bHduuTelnkiuSlyp0Nee8rPy-7-HVQc9VtrRVyCRR3QuQJQCmsmBnRZKUMEhb1itjZkonAMPpsTFwJvwAAnFu8PCOE45Q:1sovTz:DR3gyOyvVSQuFP9-_SPFbyl1UA1Z3halfe37poMDIYc",
        "expire_date": "2024-09-13T01:59:03.837Z"
    }
},
{
    "model": "sessions.session",
    "pk": "mcjz872toagvn7f14mer8bwhucr9p944",
    "fields": {
        "session_data": ".eJxVjDsOwjAQBe_iGll4_YWSnjNYu2sbB5AtxUmFuDtESgHtm5n3EhHXpcZ15DlOSZyFEoffjZAfuW0g3bHduuTelnkiuSlyp0Nee8rPy-7-HVQc9VtrRVyCRR3QuQJQCmsmBnRZKUMEhb1itjZkonAMPpsTFwJvwAAnFu8PCOE45Q:1smBy0:k4HZ1oWkb2yUuw7jlO3TsbQDlVxjiNpMAy_MZnSWQTI",
        "expire_date": "2024-09-05T12:58:44.988Z"
    }
},
{
    "model": "sessions.session",
    "pk": "mga046a4b6ciyrpapsufqkxahypyauyj",
    "fields": {
        "session_data": ".eJxVjDsOwjAQBe_iGll2En9CSc8Zot31Lg4gW4qTCnF3iJQC2jcz76Um2NY8bY2XaU7qrGyvTr8jAj247CTdodyqplrWZUa9K_qgTV9r4uflcP8OMrT8rYUkSYjE_egQoY8eOBCL90GSIRoGgw46y0ECm7GzPkYxUUYiRnSk3h9J2jmc:1srGKV:6tZvuP6ErK2EyUO8zFkZoC5N3_3dDsvFrxbq66TtuKY",
        "expire_date": "2024-09-19T14:32:15.760Z"
    }
},
{
    "model": "sessions.session",
    "pk": "mk2yglkf1y6a1q13b6o11yzhrcdg8qvk",
    "fields": {
        "session_data": ".eJxVjDsOwjAQBe_iGll2En9CSc8Zot31Lg4gW4qTCnF3iJQC2jcz76Um2NY8bY2XaU7qrGyvTr8jAj247CTdodyqplrWZUa9K_qgTV9r4uflcP8OMrT8rYUkSYjE_egQoY8eOBCL90GSIRoGgw46y0ECm7GzPkYxUUYiRnSk3h9J2jmc:1srjcU:CBS1_MTSpcjef3wevAlJAkcQd9agG0Ba4oH5w_jHp6k",
        "expire_date": "2024-09-20T21:48:46.744Z"
    }
},
{
    "model": "sessions.session",
    "pk": "mm46tko217vid0tijyt8dr79m41tcpgd",
    "fields": {
        "session_data": ".eJxVjDsOwjAQBe_iGll4_YWSnjNYu2sbB5AtxUmFuDtESgHtm5n3EhHXpcZ15DlOSZyFEoffjZAfuW0g3bHduuTelnkiuSlyp0Nee8rPy-7-HVQc9VtrRVyCRR3QuQJQCmsmBnRZKUMEhb1itjZkonAMPpsTFwJvwAAnFu8PCOE45Q:1stCXq:S0h1QwnJIiIkoi0obCXT74RiRKT5vrrs3O0kjVPBx8M",
        "expire_date": "2024-09-24T22:54:02.182Z"
    }
},
{
    "model": "sessions.session",
    "pk": "mo4vboun4pvoqy731utz88efs5e2uvua",
    "fields": {
        "session_data": ".eJxVjDsOwjAQBe_iGll4_YWSnjNYu2sbB5AtxUmFuDtESgHtm5n3EhHXpcZ15DlOSZyFEoffjZAfuW0g3bHduuTelnkiuSlyp0Nee8rPy-7-HVQc9VtrRVyCRR3QuQJQCmsmBnRZKUMEhb1itjZkonAMPpsTFwJvwAAnFu8PCOE45Q:1sjr42:ULDyUQ-FtzSmxZbaeVM31NJaJ5NxkTTgiDkb-9q_hVQ",
        "expire_date": "2024-08-30T02:15:18.775Z"
    }
},
{
    "model": "sessions.session",
    "pk": "ms0kz1endzoz3c5bydgupss4ro4qtgs4",
    "fields": {
        "session_data": ".eJxVjDsOwjAQBe_iGll4_YWSnjNYu2sbB5AtxUmFuDtESgHtm5n3EhHXpcZ15DlOSZyFEoffjZAfuW0g3bHduuTelnkiuSlyp0Nee8rPy-7-HVQc9VtrRVyCRR3QuQJQCmsmBnRZKUMEhb1itjZkonAMPpsTFwJvwAAnFu8PCOE45Q:1sngx8:mto3U5-K_5095WTwgjsYyFu35H7YiUj8hmaNfZlOZ0U",
        "expire_date": "2024-09-09T16:16:02.403Z"
    }
},
{
    "model": "sessions.session",
    "pk": "n4ic78f6uioelxiopikub789ligvd50l",
    "fields": {
        "session_data": ".eJxVjDsOwjAQBe_iGll4_YWSnjNYu2sbB5AtxUmFuDtESgHtm5n3EhHXpcZ15DlOSZyFEoffjZAfuW0g3bHduuTelnkiuSlyp0Nee8rPy-7-HVQc9VtrRVyCRR3QuQJQCmsmBnRZKUMEhb1itjZkonAMPpsTFwJvwAAnFu8PCOE45Q:1sjrIY:eNlgNF7gaGyaxyFcyU9V4PnFSkRnUtMQL9vR_3h6FlI",
        "expire_date": "2024-08-30T02:30:18.425Z"
    }
},
{
    "model": "sessions.session",
    "pk": "njm4lkfcmu6mj0jcg06zu5geawcaezs5",
    "fields": {
        "session_data": ".eJxVjDsOwjAQBe_iGll4_YWSnjNYu2sbB5AtxUmFuDtESgHtm5n3EhHXpcZ15DlOSZyFEoffjZAfuW0g3bHduuTelnkiuSlyp0Nee8rPy-7-HVQc9VtrRVyCRR3QuQJQCmsmBnRZKUMEhb1itjZkonAMPpsTFwJvwAAnFu8PCOE45Q:1souv5:cpBEOf4kpCrt5MbWz6-ha-PG187iSimZBEXWRbgFFAU",
        "expire_date": "2024-09-13T01:22:59.851Z"
    }
},
{
    "model": "sessions.session",
    "pk": "nkv2qiurkarqw1ss63bx1hly70wochlr",
    "fields": {
        "session_data": ".eJxVjDsOwjAQBe_iGll4_YWSnjNYu2sbB5AtxUmFuDtESgHtm5n3EhHXpcZ15DlOSZyFEoffjZAfuW0g3bHduuTelnkiuSlyp0Nee8rPy-7-HVQc9VtrRVyCRR3QuQJQCmsmBnRZKUMEhb1itjZkonAMPpsTFwJvwAAnFu8PCOE45Q:1stTaU:2-Xl98C7PCb8813fXhmbFJSOYZiVp6ZpWiCZ52priMo",
        "expire_date": "2024-09-25T17:05:54.728Z"
    }
},
{
    "model": "sessions.session",
    "pk": "octkiyq52ih9jwpv5n5bccbatvm2a5si",
    "fields": {
        "session_data": ".eJxVjDsOwjAQBe_iGll4_YWSnjNYu2sbB5AtxUmFuDtESgHtm5n3EhHXpcZ15DlOSZyFEoffjZAfuW0g3bHduuTelnkiuSlyp0Nee8rPy-7-HVQc9VtrRVyCRR3QuQJQCmsmBnRZKUMEhb1itjZkonAMPpsTFwJvwAAnFu8PCOE45Q:1skE7o:tYUtvrML7eI5ExHYoMEOQCZxvPUv3Rm_IJzj0wbNlEo",
        "expire_date": "2024-08-31T02:52:44.713Z"
    }
},
{
    "model": "sessions.session",
    "pk": "of0cacut3697r7phfjpit2fl39e2lr5z",
    "fields": {
        "session_data": ".eJxVjDsOwjAQBe_iGll4_YWSnjNYu2sbB5AtxUmFuDtESgHtm5n3EhHXpcZ15DlOSZyFEoffjZAfuW0g3bHduuTelnkiuSlyp0Nee8rPy-7-HVQc9VtrRVyCRR3QuQJQCmsmBnRZKUMEhb1itjZkonAMPpsTFwJvwAAnFu8PCOE45Q:1slzVF:kRYd9WMe5XstVUTTUV6bVicYUQ01GaSW0i5qa0LaPpo",
        "expire_date": "2024-09-04T23:40:13.307Z"
    }
},
{
    "model": "sessions.session",
    "pk": "omnrzmyhki8otzvxi1pi7gjamaoqxvk7",
    "fields": {
        "session_data": ".eJxVjDsOwjAQBe_iGll4_YWSnjNYu2sbB5AtxUmFuDtESgHtm5n3EhHXpcZ15DlOSZyFEoffjZAfuW0g3bHduuTelnkiuSlyp0Nee8rPy-7-HVQc9VtrRVyCRR3QuQJQCmsmBnRZKUMEhb1itjZkonAMPpsTFwJvwAAnFu8PCOE45Q:1slv27:m_l7IqofYWxW5CkWP9D4zC_xLD6P8wv-_u32v0pn2M4",
        "expire_date": "2024-09-04T18:53:51.909Z"
    }
},
{
    "model": "sessions.session",
    "pk": "ozu7oe2gcpvh4x13a6rhoeihsjnkhoo3",
    "fields": {
        "session_data": ".eJxVjDsOwjAQBe_iGll4_YWSnjNYu2sbB5AtxUmFuDtESgHtm5n3EhHXpcZ15DlOSZyFEoffjZAfuW0g3bHduuTelnkiuSlyp0Nee8rPy-7-HVQc9VtrRVyCRR3QuQJQCmsmBnRZKUMEhb1itjZkonAMPpsTFwJvwAAnFu8PCOE45Q:1smIAU:LiKRhSzWeEX0K9FUuVsVedfCNBkgujARlfC4UzvCtYo",
        "expire_date": "2024-09-05T19:36:02.571Z"
    }
},
{
    "model": "sessions.session",
    "pk": "pnyc3azb8u1nacc2u9bi4ds69snq4k7s",
    "fields": {
        "session_data": ".eJxVjEEOwiAQRe_C2hAKw0BduvcMZIBBqoYmpV0Z765NutDtf-_9lwi0rTVsnZcwZXEWWpx-t0jpwW0H-U7tNss0t3WZotwVedAur3Pm5-Vw_w4q9fqtCcFrMIZyJi7FKRjRIHMsUbOxHhRYy6DtoFJSxqbCGjm76HBAP0bx_gDn5TfW:1soUuT:-CTD30PyGjc4BQsKbEvPgHm2gV5TCJn4571O7kwC3-E",
        "expire_date": "2024-09-11T21:36:37.169Z"
    }
},
{
    "model": "sessions.session",
    "pk": "pr0pghb6dcja7kkbmi0zpby9g0wml7xv",
    "fields": {
        "session_data": ".eJxVjDsOwjAQBe_iGll4_YWSnjNYu2sbB5AtxUmFuDtESgHtm5n3EhHXpcZ15DlOSZyFEoffjZAfuW0g3bHduuTelnkiuSlyp0Nee8rPy-7-HVQc9VtrRVyCRR3QuQJQCmsmBnRZKUMEhb1itjZkonAMPpsTFwJvwAAnFu8PCOE45Q:1soQEC:D9iAfZy1DO7HsBBVzkGSRbhatRZPnOu1LW8lrdcV_Us",
        "expire_date": "2024-09-11T16:36:40.186Z"
    }
},
{
    "model": "sessions.session",
    "pk": "psba8v4aidl1rcye0kv03wqxxjrxecug",
    "fields": {
        "session_data": ".eJxVjDsOwjAQBe_iGll4_YWSnjNYu2sbB5AtxUmFuDtESgHtm5n3EhHXpcZ15DlOSZyFEoffjZAfuW0g3bHduuTelnkiuSlyp0Nee8rPy-7-HVQc9VtrRVyCRR3QuQJQCmsmBnRZKUMEhb1itjZkonAMPpsTFwJvwAAnFu8PCOE45Q:1sqzVB:_vZtl0QS4hHRMVvROjI9c21yYEksi52qDKO4sQANMcM",
        "expire_date": "2024-09-18T18:40:49.206Z"
    }
},
{
    "model": "sessions.session",
    "pk": "q8oayjhfpj3ow23lin7rnsqunz9katgh",
    "fields": {
        "session_data": ".eJxVjDsOwjAQBe_iGlnB_1DScwZrvbvGAWRLcVIh7o4spYD2zcx7iwj7VuLeeY0LiYsw4vS7JcAn1wHoAfXeJLa6rUuSQ5EH7fLWiF_Xw_07KNDLqANmg5hgtk5ZcGdl2CqvE80-UWCbcSJEzRkzT0ar5NhnZ9kH7TWw-HwBD0Y5Aw:1sno9z:n1YTnqjQu7-vbQFVDc3wk7Lekp-X0IL_0toKRzdNp3o",
        "expire_date": "2024-09-09T23:57:47.266Z"
    }
},
{
    "model": "sessions.session",
    "pk": "qt4zopydn17ajx8998r6by7sw80y53nu",
    "fields": {
        "session_data": ".eJxVjDsOwjAQBe_iGll2En9CSc8Zot31Lg4gW4qTCnF3iJQC2jcz76Um2NY8bY2XaU7qrGyvTr8jAj247CTdodyqplrWZUa9K_qgTV9r4uflcP8OMrT8rYUkSYjE_egQoY8eOBCL90GSIRoGgw46y0ECm7GzPkYxUUYiRnSk3h9J2jmc:1srhEY:CIK1b8ODkIzOsE9OL2oIWMuckxYvjRqG2mLiiuVsXFc",
        "expire_date": "2024-09-20T19:15:54.581Z"
    }
},
{
    "model": "sessions.session",
    "pk": "rcb7twcb3ktvuq8uj9ypccn99shw86iu",
    "fields": {
        "session_data": ".eJxVjDsOwjAQBe_iGll4_YWSnjNYu2sbB5AtxUmFuDtESgHtm5n3EhHXpcZ15DlOSZyFEoffjZAfuW0g3bHduuTelnkiuSlyp0Nee8rPy-7-HVQc9VtrRVyCRR3QuQJQCmsmBnRZKUMEhb1itjZkonAMPpsTFwJvwAAnFu8PCOE45Q:1sjrQw:PAg2FFj59pEaFM-0r6-5dVWyx9DQs2sg5jq5npPv1Bg",
        "expire_date": "2024-08-30T02:38:58.540Z"
    }
},
{
    "model": "sessions.session",
    "pk": "rwo4oou4atfpefd9p0p9hindfdfqorr0",
    "fields": {
        "session_data": ".eJxVjDsOwjAQBe_iGll4_YWSnjNYu2sbB5AtxUmFuDtESgHtm5n3EhHXpcZ15DlOSZyFEoffjZAfuW0g3bHduuTelnkiuSlyp0Nee8rPy-7-HVQc9VtrRVyCRR3QuQJQCmsmBnRZKUMEhb1itjZkonAMPpsTFwJvwAAnFu8PCOE45Q:1snepW:WQgEpwRHWsLfMT_hgSiQ3OMhqAvg2gVXudGm_Rv2H0s",
        "expire_date": "2024-09-09T14:00:02.318Z"
    }
},
{
    "model": "sessions.session",
    "pk": "s45t5ape6j5i15m253zejsx3rcxlgrv9",
    "fields": {
        "session_data": ".eJxVjDsOwjAQBe_iGlnB_1DScwZrvbvGAWRLcVIh7o4spYD2zcx7iwj7VuLeeY0LiYsw4vS7JcAn1wHoAfXeJLa6rUuSQ5EH7fLWiF_Xw_07KNDLqANmg5hgtk5ZcGdl2CqvE80-UWCbcSJEzRkzT0ar5NhnZ9kH7TWw-HwBD0Y5Aw:1sno8W:OSbgpY5gsQg1gI78CMU39tZbmJy_WA-5Y820FESui28",
        "expire_date": "2024-09-09T23:56:16.177Z"
    }
},
{
    "model": "sessions.session",
    "pk": "tb9ylnixy88j8w50zg7trfw0qy4nzwps",
    "fields": {
        "session_data": ".eJxVjDsOwjAQBe_iGll4_YWSnjNYu2sbB5AtxUmFuDtESgHtm5n3EhHXpcZ15DlOSZyFEoffjZAfuW0g3bHduuTelnkiuSlyp0Nee8rPy-7-HVQc9VtrRVyCRR3QuQJQCmsmBnRZKUMEhb1itjZkonAMPpsTFwJvwAAnFu8PCOE45Q:1slAOd:FBUhP1fYw38arD5uNFn3qwt51UUALmB1zEIpefeQL-U",
        "expire_date": "2024-09-02T17:05:59.445Z"
    }
},
{
    "model": "sessions.session",
    "pk": "tjgnd2li10oenijcl2lwuz1lnl4erbhz",
    "fields": {
        "session_data": ".eJxVjDsOwjAQBe_iGll4_YWSnjNYu2sbB5AtxUmFuDtESgHtm5n3EhHXpcZ15DlOSZyFEoffjZAfuW0g3bHduuTelnkiuSlyp0Nee8rPy-7-HVQc9VtrRVyCRR3QuQJQCmsmBnRZKUMEhb1itjZkonAMPpsTFwJvwAAnFu8PCOE45Q:1soV3E:McqtUW8l5BhzfAkWakCPTybf9vtmaNWOJ6sxCHjCPVI",
        "expire_date": "2024-09-11T21:45:40.997Z"
    }
},
{
    "model": "sessions.session",
    "pk": "tlbrbbta0vywsgag1nd2dqn3tutey2v2",
    "fields": {
        "session_data": ".eJxVjDsOwjAQBe_iGll4_YWSnjNYu2sbB5AtxUmFuDtESgHtm5n3EhHXpcZ15DlOSZyFEoffjZAfuW0g3bHduuTelnkiuSlyp0Nee8rPy-7-HVQc9VtrRVyCRR3QuQJQCmsmBnRZKUMEhb1itjZkonAMPpsTFwJvwAAnFu8PCOE45Q:1sqKpS:oJI05clV3XtYxyx-HBujGvg5Me60PEsvPNTsjVnUzX8",
        "expire_date": "2024-09-16T23:15:02.752Z"
    }
},
{
    "model": "sessions.session",
    "pk": "tr9r3c9y70b0a8fl1ptcjy99y3h15m84",
    "fields": {
        "session_data": ".eJxVjDsOwjAQBe_iGll4_YWSnjNYu2sbB5AtxUmFuDtESgHtm5n3EhHXpcZ15DlOSZyFEoffjZAfuW0g3bHduuTelnkiuSlyp0Nee8rPy-7-HVQc9VtrRVyCRR3QuQJQCmsmBnRZKUMEhb1itjZkonAMPpsTFwJvwAAnFu8PCOE45Q:1smJwZ:guIudrc1j8dY3nkn2vVTIvfyjj1Lra0ebgDvIEzf--s",
        "expire_date": "2024-09-05T21:29:47.048Z"
    }
},
{
    "model": "sessions.session",
    "pk": "u2fp8sgl7tdkgf8nwtu30ecknh49px1m",
    "fields": {
        "session_data": ".eJxVjDsOwjAQBe_iGll4_YWSnjNYu2sbB5AtxUmFuDtESgHtm5n3EhHXpcZ15DlOSZyFEoffjZAfuW0g3bHduuTelnkiuSlyp0Nee8rPy-7-HVQc9VtrRVyCRR3QuQJQCmsmBnRZKUMEhb1itjZkonAMPpsTFwJvwAAnFu8PCOE45Q:1srdeM:KElTgkjUXklfSZu6lBufsQFjRTQ708iJ-dqRzeje-gA",
        "expire_date": "2024-09-20T15:26:18.200Z"
    }
},
{
    "model": "sessions.session",
    "pk": "u8fyzsulh3mshtpkoy606lkbrjai5bu5",
    "fields": {
        "session_data": ".eJxVjDsOwjAQBe_iGll4_YWSnjNYu2sbB5AtxUmFuDtESgHtm5n3EhHXpcZ15DlOSZyFEoffjZAfuW0g3bHduuTelnkiuSlyp0Nee8rPy-7-HVQc9VtrRVyCRR3QuQJQCmsmBnRZKUMEhb1itjZkonAMPpsTFwJvwAAnFu8PCOE45Q:1soCft:5kHgzW9ifZudLSKsbat__OyDIkls_hvbaZK0fuhHyLA",
        "expire_date": "2024-09-11T02:08:21.396Z"
    }
},
{
    "model": "sessions.session",
    "pk": "uibz3wwdg074idqd2elqbj6fhnqd18rs",
    "fields": {
        "session_data": ".eJxVjDsOwjAQBe_iGll4_YWSnjNYu2sbB5AtxUmFuDtESgHtm5n3EhHXpcZ15DlOSZyFEoffjZAfuW0g3bHduuTelnkiuSlyp0Nee8rPy-7-HVQc9VtrRVyCRR3QuQJQCmsmBnRZKUMEhb1itjZkonAMPpsTFwJvwAAnFu8PCOE45Q:1skEEe:jY9qfxCqaVhgOjRAUlidlLCJjHnQUJ0xsAQuraMDIxc",
        "expire_date": "2024-08-31T02:59:48.736Z"
    }
},
{
    "model": "sessions.session",
    "pk": "uklm2vc88h06ha8nkfxxqazbwrj5av3s",
    "fields": {
        "session_data": ".eJxVjDsOwjAQBe_iGll4_YWSnjNYu2sbB5AtxUmFuDtESgHtm5n3EhHXpcZ15DlOSZyFEoffjZAfuW0g3bHduuTelnkiuSlyp0Nee8rPy-7-HVQc9VtrRVyCRR3QuQJQCmsmBnRZKUMEhb1itjZkonAMPpsTFwJvwAAnFu8PCOE45Q:1sqdu3:8rSHyi2ghGCuhZmpbTWvhiHYBAQ5383G0jEHNybo7AY",
        "expire_date": "2024-09-17T19:37:03.982Z"
    }
},
{
    "model": "sessions.session",
    "pk": "uxk1b57d12l003kyn4bhqgb5coddofx3",
    "fields": {
        "session_data": ".eJxVjDsOwjAQBe_iGll4_YWSnjNYu2sbB5AtxUmFuDtESgHtm5n3EhHXpcZ15DlOSZyFEoffjZAfuW0g3bHduuTelnkiuSlyp0Nee8rPy-7-HVQc9VtrRVyCRR3QuQJQCmsmBnRZKUMEhb1itjZkonAMPpsTFwJvwAAnFu8PCOE45Q:1spAE7:RUl_FRMHD7CfZA_zn6Ob_91oQ7sIjye1xcdha5CZ_BE",
        "expire_date": "2024-09-13T17:43:39.116Z"
    }
},
{
    "model": "sessions.session",
    "pk": "v4wf68tuvdo5gjkq1vy2hx5mv9s97m37",
    "fields": {
        "session_data": ".eJxVjDsOwjAQBe_iGll4_YWSnjNYu2sbB5AtxUmFuDtESgHtm5n3EhHXpcZ15DlOSZyFEoffjZAfuW0g3bHduuTelnkiuSlyp0Nee8rPy-7-HVQc9VtrRVyCRR3QuQJQCmsmBnRZKUMEhb1itjZkonAMPpsTFwJvwAAnFu8PCOE45Q:1sr62Y:u5di8I4KkuEPjNwLbMpQOXoV7sJDzzQkp9lBHfK9UmI",
        "expire_date": "2024-09-19T01:39:42.190Z"
    }
},
{
    "model": "sessions.session",
    "pk": "va8cny7j1qz95b4oggap1xbig40mptz2",
    "fields": {
        "session_data": ".eJxVjDsOwjAQBe_iGll4_YWSnjNYu2sbB5AtxUmFuDtESgHtm5n3EhHXpcZ15DlOSZyFEoffjZAfuW0g3bHduuTelnkiuSlyp0Nee8rPy-7-HVQc9VtrRVyCRR3QuQJQCmsmBnRZKUMEhb1itjZkonAMPpsTFwJvwAAnFu8PCOE45Q:1soNNz:k3XK5tELQj94MOWsK_lMCylSeuWLyIjSYMNsEh008sM",
        "expire_date": "2024-09-11T13:34:35.491Z"
    }
},
{
    "model": "sessions.session",
    "pk": "vfrjumatnlool3n3poow74ze6ujpdq5k",
    "fields": {
        "session_data": ".eJxVjDsOwjAQBe_iGll4_YWSnjNYu2sbB5AtxUmFuDtESgHtm5n3EhHXpcZ15DlOSZyFEoffjZAfuW0g3bHduuTelnkiuSlyp0Nee8rPy-7-HVQc9VtrRVyCRR3QuQJQCmsmBnRZKUMEhb1itjZkonAMPpsTFwJvwAAnFu8PCOE45Q:1sjrAS:srLQYhgKJRpadBGk4_1Z7g3VR_arERq65RJb2USnI14",
        "expire_date": "2024-08-30T02:21:56.087Z"
    }
},
{
    "model": "sessions.session",
    "pk": "w999gljew41m5rzau3p2f96q2ukm4uy4",
    "fields": {
        "session_data": ".eJxVjDsOwjAQBe_iGll4_YWSnjNYu2sbB5AtxUmFuDtESgHtm5n3EhHXpcZ15DlOSZyFEoffjZAfuW0g3bHduuTelnkiuSlyp0Nee8rPy-7-HVQc9VtrRVyCRR3QuQJQCmsmBnRZKUMEhb1itjZkonAMPpsTFwJvwAAnFu8PCOE45Q:1sqdmz:P5TSSgesehzHYtsvMRXmFi2Fp9ekR6sxx4RCmT_-2dY",
        "expire_date": "2024-09-17T19:29:45.816Z"
    }
},
{
    "model": "sessions.session",
    "pk": "w9kibnxmex1z332cgeot9a0cufzngmgf",
    "fields": {
        "session_data": ".eJxVjDsOwjAQBe_iGll4_YWSnjNYu2sbB5AtxUmFuDtESgHtm5n3EhHXpcZ15DlOSZyFEoffjZAfuW0g3bHduuTelnkiuSlyp0Nee8rPy-7-HVQc9VtrRVyCRR3QuQJQCmsmBnRZKUMEhb1itjZkonAMPpsTFwJvwAAnFu8PCOE45Q:1srgD0:GjoSvWNkXHUhE1Hlwar_sc7lk5IjP7lTxhdAk9iShJg",
        "expire_date": "2024-09-20T18:10:14.171Z"
    }
},
{
    "model": "sessions.session",
    "pk": "wkjj94cvwwr09lpi25n13t6wnr1qs3px",
    "fields": {
        "session_data": ".eJxVjDsOwjAQBe_iGll4_YWSnjNYu2sbB5AtxUmFuDtESgHtm5n3EhHXpcZ15DlOSZyFEoffjZAfuW0g3bHduuTelnkiuSlyp0Nee8rPy-7-HVQc9VtrRVyCRR3QuQJQCmsmBnRZKUMEhb1itjZkonAMPpsTFwJvwAAnFu8PCOE45Q:1sqcuT:Rj0c8WEZB8nN9M_lWmqyn0Lx0nrDt-9oTGb0QASiqYQ",
        "expire_date": "2024-09-17T18:33:25.349Z"
    }
},
{
    "model": "sessions.session",
    "pk": "wmabktqpn9ccd52lybgadlkpqb1yy1uv",
    "fields": {
        "session_data": ".eJxVjDsOwjAQBe_iGll4_YWSnjNYu2sbB5AtxUmFuDtESgHtm5n3EhHXpcZ15DlOSZyFEoffjZAfuW0g3bHduuTelnkiuSlyp0Nee8rPy-7-HVQc9VtrRVyCRR3QuQJQCmsmBnRZKUMEhb1itjZkonAMPpsTFwJvwAAnFu8PCOE45Q:1so5MK:SfKWHVhBSgPB7amFlC9c4giG2yo3WeIMkJQmY4LEv3I",
        "expire_date": "2024-09-10T18:19:40.291Z"
    }
},
{
    "model": "sessions.session",
    "pk": "wo3jaopx8qrj4b2u80pv4iwepolx3wfw",
    "fields": {
        "session_data": ".eJxVjDsOwjAQBe_iGll4_YWSnjNYu2sbB5AtxUmFuDtESgHtm5n3EhHXpcZ15DlOSZyFEoffjZAfuW0g3bHduuTelnkiuSlyp0Nee8rPy-7-HVQc9VtrRVyCRR3QuQJQCmsmBnRZKUMEhb1itjZkonAMPpsTFwJvwAAnFu8PCOE45Q:1srHUl:lfqC1EBdCrc5WVotdzNjKL4XqudWVlUe8oYt97tSLoM",
        "expire_date": "2024-09-19T15:46:55.596Z"
    }
},
{
    "model": "sessions.session",
    "pk": "wpe69blpj0om69e6ma7uk8anvquu2uuu",
    "fields": {
        "session_data": ".eJxVjDsOwjAQBe_iGll4_YWSnjNYu2sbB5AtxUmFuDtESgHtm5n3EhHXpcZ15DlOSZyFEoffjZAfuW0g3bHduuTelnkiuSlyp0Nee8rPy-7-HVQc9VtrRVyCRR3QuQJQCmsmBnRZKUMEhb1itjZkonAMPpsTFwJvwAAnFu8PCOE45Q:1slqJc:humLrfAPhQ84TITdZVJGmlTL8ogRkY5Z-RYSNXRcUEU",
        "expire_date": "2024-09-04T13:51:36.833Z"
    }
},
{
    "model": "sessions.session",
    "pk": "wrp8javimqmn8e7nz6bator5cv0t50qz",
    "fields": {
        "session_data": ".eJxVjDsOwjAQBe_iGll4_YWSnjNYu2sbB5AtxUmFuDtESgHtm5n3EhHXpcZ15DlOSZyFEoffjZAfuW0g3bHduuTelnkiuSlyp0Nee8rPy-7-HVQc9VtrRVyCRR3QuQJQCmsmBnRZKUMEhb1itjZkonAMPpsTFwJvwAAnFu8PCOE45Q:1sqeBp:KRiXvOuK3osfLwvhpXfbkSB0GgJO4iFMw4PCo7hfPcM",
        "expire_date": "2024-09-17T19:55:25.219Z"
    }
},
{
    "model": "sessions.session",
    "pk": "wt5qqdh8n469avdmmuz3m70wnxtvg280",
    "fields": {
        "session_data": ".eJxVjDsOwjAQBe_iGll4_YWSnjNYu2sbB5AtxUmFuDtESgHtm5n3EhHXpcZ15DlOSZyFEoffjZAfuW0g3bHduuTelnkiuSlyp0Nee8rPy-7-HVQc9VtrRVyCRR3QuQJQCmsmBnRZKUMEhb1itjZkonAMPpsTFwJvwAAnFu8PCOE45Q:1slw0R:rpFKU8K8EQs8II3Et_1QrphPLnt7wXaKZjQ9bTQFND8",
        "expire_date": "2024-09-04T19:56:11.047Z"
    }
},
{
    "model": "sessions.session",
    "pk": "x2de7jbkkppydr8d72tzjn5a1sirhusm",
    "fields": {
        "session_data": ".eJxVjDsOwjAQBe_iGll4_YWSnjNYu2sbB5AtxUmFuDtESgHtm5n3EhHXpcZ15DlOSZyFEoffjZAfuW0g3bHduuTelnkiuSlyp0Nee8rPy-7-HVQc9VtrRVyCRR3QuQJQCmsmBnRZKUMEhb1itjZkonAMPpsTFwJvwAAnFu8PCOE45Q:1slzur:149MFCeRIzzkODO9OVfWh-16EaMSHmPC0xicMVj7bOs",
        "expire_date": "2024-09-05T00:06:41.213Z"
    }
},
{
    "model": "sessions.session",
    "pk": "xcke7hukf8uepp5p7gtktxrarnmntvux",
    "fields": {
        "session_data": ".eJxVjDsOwjAQBe_iGll4_YWSnjNYu2sbB5AtxUmFuDtESgHtm5n3EhHXpcZ15DlOSZyFEoffjZAfuW0g3bHduuTelnkiuSlyp0Nee8rPy-7-HVQc9VtrRVyCRR3QuQJQCmsmBnRZKUMEhb1itjZkonAMPpsTFwJvwAAnFu8PCOE45Q:1smBkC:v9YG2ax0Z6blOpiQJG3QAtkLxbmzCnnB0OiE_sCSCKc",
        "expire_date": "2024-09-05T12:44:28.639Z"
    }
},
{
    "model": "sessions.session",
    "pk": "xido6ufvo74jmr30j6efn4n3menv9o8v",
    "fields": {
        "session_data": ".eJxVjDsOwjAQBe_iGll4_YWSnjNYu2sbB5AtxUmFuDtESgHtm5n3EhHXpcZ15DlOSZyFEoffjZAfuW0g3bHduuTelnkiuSlyp0Nee8rPy-7-HVQc9VtrRVyCRR3QuQJQCmsmBnRZKUMEhb1itjZkonAMPpsTFwJvwAAnFu8PCOE45Q:1slAwa:qPwSZduhcprCYh1wlLMwO8hYcLzqH9ucw7_ZpSca3oI",
        "expire_date": "2024-09-02T17:41:04.657Z"
    }
},
{
    "model": "sessions.session",
    "pk": "xt1589nynq2f0pfl13zquks6vciozfm9",
    "fields": {
        "session_data": ".eJxVjDsOwjAQBe_iGll4_YWSnjNYu2sbB5AtxUmFuDtESgHtm5n3EhHXpcZ15DlOSZyFEoffjZAfuW0g3bHduuTelnkiuSlyp0Nee8rPy-7-HVQc9VtrRVyCRR3QuQJQCmsmBnRZKUMEhb1itjZkonAMPpsTFwJvwAAnFu8PCOE45Q:1sskQo:CdGrAaob3dPPoZaBjTfeD2aPVK9YOTeQNVTZW42WRHA",
        "expire_date": "2024-09-23T16:52:54.908Z"
    }
},
{
    "model": "sessions.session",
    "pk": "yqygbfp5gs6vw8hhaj9mgvvm0ke9ir8u",
    "fields": {
        "session_data": ".eJxVjDsOwjAQBe_iGll4_YWSnjNYu2sbB5AtxUmFuDtESgHtm5n3EhHXpcZ15DlOSZyFEoffjZAfuW0g3bHduuTelnkiuSlyp0Nee8rPy-7-HVQc9VtrRVyCRR3QuQJQCmsmBnRZKUMEhb1itjZkonAMPpsTFwJvwAAnFu8PCOE45Q:1sqF7E:tpDmhx-iCVPV27Yg6NeXNAxSPiXQNkj9K0ZgpIMR4ps",
        "expire_date": "2024-09-16T17:09:00.414Z"
    }
},
{
    "model": "sessions.session",
    "pk": "z76y1yxvsxil4w8tv85i267z8y4qyhff",
    "fields": {
        "session_data": ".eJxVjDsOwjAQBe_iGll4_YWSnjNYu2sbB5AtxUmFuDtESgHtm5n3EhHXpcZ15DlOSZyFEoffjZAfuW0g3bHduuTelnkiuSlyp0Nee8rPy-7-HVQc9VtrRVyCRR3QuQJQCmsmBnRZKUMEhb1itjZkonAMPpsTFwJvwAAnFu8PCOE45Q:1st9xV:KgGTSBU1gereySkN07LFb4XuNfff6e2T21kBr6rx1OY",
        "expire_date": "2024-09-24T20:08:21.260Z"
    }
},
{
    "model": "accounts.department",
    "pk": 1,
    "fields": {
        "name": "Externo"
    }
},
{
    "model": "accounts.department",
    "pk": 2,
    "fields": {
        "name": "Interna"
    }
},
{
    "model": "accounts.department",
    "pk": 3,
    "fields": {
        "name": "Serviços Financeiros"
    }
},
{
    "model": "accounts.role",
    "pk": 8,
    "fields": {
        "name": "ANALISTA DE TI PLENO",
        "role_type": 1
    }
},
{
    "model": "accounts.role",
    "pk": 9,
    "fields": {
        "name": "ANALISTA PLENO DI",
        "role_type": 1
    }
},
{
    "model": "accounts.role",
    "pk": 10,
    "fields": {
        "name": "ASSISTENTE DE AUDITORIA",
        "role_type": 2
    }
},
{
    "model": "accounts.role",
    "pk": 11,
    "fields": {
        "name": "ASSISTENTE DE AUDITORIA TRAINEE",
        "role_type": 2
    }
},
{
    "model": "accounts.role",
    "pk": 12,
    "fields": {
        "name": "ASSISTENTE DE TI PLENO",
        "role_type": 2
    }
},
{
    "model": "accounts.role",
    "pk": 13,
    "fields": {
        "name": "ASSISTENTE DE TI SENIOR",
        "role_type": 2
    }
},
{
    "model": "accounts.role",
    "pk": 14,
    "fields": {
        "name": "ASSISTENTE PLENO DI",
        "role_type": 2
    }
},
{
    "model": "accounts.role",
    "pk": 15,
    "fields": {
        "name": "ASSISTENTE SENIOR DE AUDITORIA I",
        "role_type": 2
    }
},
{
    "model": "accounts.role",
    "pk": 16,
    "fields": {
        "name": "ASSISTENTE SENIOR DE AUDITORIA II",
        "role_type": 2
    }
},
{
    "model": "accounts.role",
    "pk": 17,
    "fields": {
        "name": "ASSISTENTE SENIOR DI",
        "role_type": 2
    }
},
{
    "model": "accounts.role",
    "pk": 18,
    "fields": {
        "name": "AUXILIAR DI",
        "role_type": 2
    }
},
{
    "model": "accounts.role",
    "pk": 19,
    "fields": {
        "name": "DIRETOR DE AUDITORIA",
        "role_type": 1
    }
},
{
    "model": "accounts.role",
    "pk": 20,
    "fields": {
        "name": "ENCARREGADO JUNIOR DI",
        "role_type": 1
    }
},
{
    "model": "accounts.role",
    "pk": 21,
    "fields": {
        "name": "ESTAGIARIO",
        "role_type": 2
    }
},
{
    "model": "accounts.role",
    "pk": 22,
    "fields": {
        "name": "GERENTE DE AUDITORIA",
        "role_type": 1
    }
},
{
    "model": "accounts.role",
    "pk": 23,
    "fields": {
        "name": "SENIOR DE AUDITORIA",
        "role_type": 1
    }
},
{
    "model": "accounts.role",
    "pk": 24,
    "fields": {
        "name": "SENIOR DE AUDITORIA I",
        "role_type": 1
    }
},
{
    "model": "accounts.role",
    "pk": 25,
    "fields": {
        "name": "SENIOR DE AUDITORIA II",
        "role_type": 1
    }
},
{
    "model": "accounts.role",
    "pk": 26,
    "fields": {
        "name": "SENIOR DE AUDITORIA III",
        "role_type": 1
    }
},
{
    "model": "accounts.role",
    "pk": 27,
    "fields": {
        "name": "SUPERVISOR DE AUDITORIA I",
        "role_type": 1
    }
},
{
    "model": "accounts.role",
    "pk": 28,
    "fields": {
        "name": "SUPERVISOR DE AUDITORIA II",
        "role_type": 1
    }
},
{
    "model": "accounts.role",
    "pk": 29,
    "fields": {
        "name": "SUPERVISOR DI",
        "role_type": 1
    }
},
{
    "model": "accounts.customuser",
    "pk": 1,
    "fields": {
        "password": "pbkdf2_sha256$870000$C53Z7yxU3uF6tisX0oHiuP$NcEwPdivscq3ZHxe+YYsucvcRG6w6mVLokh8EZx8IIM=",
        "last_login": "2024-09-25T15:04:59.578Z",
        "is_superuser": true,
        "username": "bpascoal",
        "first_name": "Bruno",
        "last_name": "Pascoal",
        "email": "bpascoal@moorebrasil.com.br",
        "is_staff": true,
        "is_active": true,
        "date_joined": "2024-08-28T23:59:17Z",
        "department": 2,
        "role": 13,
        "is_approved": true,
        "groups": [
            1,
            2,
            3
        ],
        "user_permissions": []
    }
},
{
    "model": "accounts.customuser",
    "pk": 12,
    "fields": {
        "password": "pbkdf2_sha256$870000$mvURMDcSGFHUx9XWJ5Uosw$UO8qWzI41A1clcX0cBt4oymhHfFYeUIh2qxlzeXtaTo=",
        "last_login": "2024-09-23T14:37:06.578Z",
        "is_superuser": false,
        "username": "kviana",
        "first_name": "Kleber",
        "last_name": "Viana",
        "email": "kviana@moorebrasil.com.br",
        "is_staff": false,
        "is_active": true,
        "date_joined": "2024-09-19T12:19:40.703Z",
        "department": 2,
        "role": 8,
        "is_approved": true,
        "groups": [],
        "user_permissions": []
    }
},
{
    "model": "accounts.customuser",
    "pk": 13,
    "fields": {
        "password": "pbkdf2_sha256$870000$SxHFq0wKe0DY017vASnXeR$tCH/kNGqgQfExztJYAM5/fumxjejmMSllN+9A/U1jD4=",
        "last_login": "2024-09-20T19:48:42.928Z",
        "is_superuser": false,
        "username": "anameneghetti",
        "first_name": "Ana",
        "last_name": "Meneghetti",
        "email": "ameneghetti@moorebrasil.com.br",
        "is_staff": false,
        "is_active": true,
        "date_joined": "2024-09-19T12:21:36Z",
        "department": 1,
        "role": null,
        "is_approved": true,
        "groups": [
            2,
            3
        ],
        "user_permissions": []
    }
},
{
    "model": "accounts.customuser",
    "pk": 14,
    "fields": {
        "password": "pbkdf2_sha256$870000$S4VQbHCCnUJWccPfHm5evH$6JkgiEHJ6e2vEJ2ymo7/No/4KqejaGpUMPLle0IP/y4=",
        "last_login": "2024-09-19T12:29:03Z",
        "is_superuser": false,
        "username": "lvieira",
        "first_name": "Leticia",
        "last_name": "Vieira",
        "email": "lvieira@moorebrasil.com.br",
        "is_staff": false,
        "is_active": true,
        "date_joined": "2024-09-19T12:27:12Z",
        "department": 1,
        "role": null,
        "is_approved": true,
        "groups": [
            3
        ],
        "user_permissions": []
    }
},
{
    "model": "accounts.customuser",
    "pk": 16,
    "fields": {
        "password": "pbkdf2_sha256$870000$N7rGGIeptzkdCMNBRqTcvB$tqXcgE1MlB61m2+b3ocH+2JqnvxVdYvZSHqMGYbdJ+I=",
        "last_login": null,
        "is_superuser": false,
        "username": "cpolloni",
        "first_name": "Carla",
        "last_name": "Polloni",
        "email": "cpolloni@moorebrasil.com.br",
        "is_staff": false,
        "is_active": true,
        "date_joined": "2024-09-20T14:23:34.786Z",
        "department": 1,
        "role": null,
        "is_approved": true,
        "groups": [],
        "user_permissions": []
    }
},
{
    "model": "accounts.customuser",
    "pk": 17,
    "fields": {
        "password": "pbkdf2_sha256$870000$huZWfRUi7oYauUWg82yR1n$f+FbfmZANf36Ys8HM/nPqMvhDehDthU42i6F+pbdWPM=",
        "last_login": null,
        "is_superuser": false,
        "username": "gtassani",
        "first_name": "Gabriela Balieiro",
        "last_name": "Tassani",
        "email": "gtassani@moorebrasil.com.br",
        "is_staff": false,
        "is_active": true,
        "date_joined": "2024-09-20T14:29:26.233Z",
        "department": 1,
        "role": 16,
        "is_approved": true,
        "groups": [],
        "user_permissions": []
    }
},
{
    "model": "accounts.customuser",
    "pk": 18,
    "fields": {
        "password": "pbkdf2_sha256$870000$0MbkAu8FtsLR2JHmRJctLm$w9pMFRkk4RICtS0Q0qTRIx31Cbcaqvd3kIkvFBeRaDc=",
        "last_login": "2024-09-20T20:25:51.573Z",
        "is_superuser": false,
        "username": "Juliana.wambak",
        "first_name": "Juliana",
        "last_name": "Wambak",
        "email": "juliana.wambak@moorebrasil.com.br",
        "is_staff": false,
        "is_active": true,
        "date_joined": "2024-09-20T14:34:19.010Z",
        "department": 1,
        "role": 10,
        "is_approved": true,
        "groups": [],
        "user_permissions": []
    }
},
{
    "model": "accounts.customuser",
    "pk": 19,
    "fields": {
        "password": "pbkdf2_sha256$870000$EgHBXcXBJZ5k8FdbGcnEo1$RCMMCnuP8io11LF7R4QsUwAHDKoC6vbwCT07f6wbejg=",
        "last_login": null,
        "is_superuser": false,
        "username": "lbuosi",
        "first_name": "Lucas",
        "last_name": "Buosi",
        "email": "lbuosi@moorebrasil.com.br",
        "is_staff": false,
        "is_active": true,
        "date_joined": "2024-09-20T14:35:15.640Z",
        "department": 1,
        "role": 24,
        "is_approved": false,
        "groups": [],
        "user_permissions": []
    }
},
{
    "model": "accounts.customuser",
    "pk": 20,
    "fields": {
        "password": "pbkdf2_sha256$870000$OX5c5KZfcNAw3vg2iWkDGz$R52swN10SLWqLdZb/sP2ImvNMDhQ0Emrv5xM0YNgJOM=",
        "last_login": null,
        "is_superuser": false,
        "username": "mmartins",
        "first_name": "Marina Perossi",
        "last_name": "Martins",
        "email": "mmartins@moorebrasil.com.br",
        "is_staff": false,
        "is_active": true,
        "date_joined": "2024-09-20T14:38:00.534Z",
        "department": 1,
        "role": 22,
        "is_approved": true,
        "groups": [],
        "user_permissions": []
    }
},
{
    "model": "accounts.customuser",
    "pk": 21,
    "fields": {
        "password": "pbkdf2_sha256$870000$HBZ7gNEwZtqi1oqRph8vGv$0jwfJHQIjFN27/GLkN9vB9QVBh7uc0g32Rqs1pM1AlA=",
        "last_login": null,
        "is_superuser": false,
        "username": "edson.lopes",
        "first_name": "Edson Roberto",
        "last_name": "Lopes Filho",
        "email": "elopes@moorebrasil.com.br",
        "is_staff": false,
        "is_active": true,
        "date_joined": "2024-09-20T14:39:12.223Z",
        "department": 1,
        "role": 22,
        "is_approved": true,
        "groups": [],
        "user_permissions": []
    }
},
{
    "model": "accounts.customuser",
    "pk": 22,
    "fields": {
        "password": "pbkdf2_sha256$870000$WqxtUaFkshiDrS0JW2XpMC$WhFIAI4PTo7PyviV7B52oKqawsxaulY97ZRxtM02pc0=",
        "last_login": null,
        "is_superuser": false,
        "username": "vmadeira",
        "first_name": "Viviane",
        "last_name": "Madeira",
        "email": "vmadeira@moorebrasil.com.br",
        "is_staff": false,
        "is_active": true,
        "date_joined": "2024-09-20T14:39:34.412Z",
        "department": 1,
        "role": 16,
        "is_approved": true,
        "groups": [],
        "user_permissions": []
    }
},
{
    "model": "accounts.customuser",
    "pk": 23,
    "fields": {
        "password": "pbkdf2_sha256$870000$7BkPSUizuJ6oasaX5AyKJI$WTB9GAJq/P/19cDhourSDcFJQrXG6SUt2lXFRpom95E=",
        "last_login": null,
        "is_superuser": false,
        "username": "asanches",
        "first_name": "Ana",
        "last_name": "Sanches",
        "email": "asanches@moorebrasil.com.br",
        "is_staff": false,
        "is_active": true,
        "date_joined": "2024-09-20T14:41:41.307Z",
        "department": null,
        "role": null,
        "is_approved": false,
        "groups": [],
        "user_permissions": []
    }
},
{
    "model": "accounts.customuser",
    "pk": 25,
    "fields": {
        "password": "pbkdf2_sha256$870000$IbBeVF22mb3w6gyYw27Z62$PaiZzSTIyKvD4hUSzvzzLMRwbwxM5oSuRsE8FwBpBEo=",
        "last_login": null,
        "is_superuser": false,
        "username": "rosane.sena",
        "first_name": "Rosane",
        "last_name": "Sena",
        "email": "rosane.sena@moorebrasil.com.br",
        "is_staff": false,
        "is_active": true,
        "date_joined": "2024-09-20T14:43:20.316Z",
        "department": null,
        "role": null,
        "is_approved": false,
        "groups": [],
        "user_permissions": []
    }
},
{
    "model": "accounts.customuser",
    "pk": 26,
    "fields": {
        "password": "pbkdf2_sha256$870000$t1eJQje1t2vRTCX5v1DksL$loTbipN6stC9EGbiZFEVftKE3sKWQumVYEeHX0yf+AM=",
        "last_login": null,
        "is_superuser": false,
        "username": "andre.menezes",
        "first_name": "André",
        "last_name": "Menezes",
        "email": "andre.o.menezes@moorebrasil.com.br",
        "is_staff": false,
        "is_active": true,
        "date_joined": "2024-09-20T14:44:19.813Z",
        "department": null,
        "role": null,
        "is_approved": false,
        "groups": [],
        "user_permissions": []
    }
},
{
    "model": "accounts.customuser",
    "pk": 27,
    "fields": {
        "password": "pbkdf2_sha256$870000$I8uxGwOmEaYr5uzqMMDpTP$L52r3lujLUz20wTOW+sjz4p0E2mJsJYu3UcKCJ5GvUY=",
        "last_login": null,
        "is_superuser": false,
        "username": "octaviobution",
        "first_name": "Octávio",
        "last_name": "Bution",
        "email": "octaviobution@moorebrasil.com.br",
        "is_staff": false,
        "is_active": true,
        "date_joined": "2024-09-20T14:45:13.808Z",
        "department": null,
        "role": null,
        "is_approved": true,
        "groups": [],
        "user_permissions": []
    }
},
{
    "model": "accounts.customuser",
    "pk": 28,
    "fields": {
        "password": "pbkdf2_sha256$870000$8kZEuPWy3Y4OmdzrXzqyEV$5WHjZ3cS+f+LzckRD5vruZ0y1PcdfwroB9oIbTuRQ8g=",
        "last_login": null,
        "is_superuser": false,
        "username": "nbotelho",
        "first_name": "Natasha",
        "last_name": "Botelho",
        "email": "nbotelho@moorebrasil.com.br",
        "is_staff": false,
        "is_active": true,
        "date_joined": "2024-09-20T14:46:17.503Z",
        "department": null,
        "role": null,
        "is_approved": false,
        "groups": [],
        "user_permissions": []
    }
},
{
    "model": "accounts.customuser",
    "pk": 29,
    "fields": {
        "password": "pbkdf2_sha256$870000$wrlgGiUNaumplfLwtKjalC$8ShnMdD8zYAcknpWPM7jWQkoboV3ieEVBpQSr2N419E=",
        "last_login": null,
        "is_superuser": false,
        "username": "matheus.machado",
        "first_name": "Matheus",
        "last_name": "Machado",
        "email": "matheus.machado@moorebrasil.com.br",
        "is_staff": false,
        "is_active": true,
        "date_joined": "2024-09-20T14:47:21.621Z",
        "department": null,
        "role": null,
        "is_approved": false,
        "groups": [],
        "user_permissions": []
    }
},
{
    "model": "accounts.customuser",
    "pk": 30,
    "fields": {
        "password": "pbkdf2_sha256$870000$UoTkyhTViQ3ALGniyCWA7R$R9QWBBQ2m3LE+YdabVgE99yexHnHP+Zw6C/b8tMGLbM=",
        "last_login": null,
        "is_superuser": false,
        "username": "ana.anibal",
        "first_name": "Ana Carolina",
        "last_name": "Anibal",
        "email": "ana.anibal@moorebrasil.com.br",
        "is_staff": false,
        "is_active": true,
        "date_joined": "2024-09-20T14:49:16.141Z",
        "department": null,
        "role": null,
        "is_approved": false,
        "groups": [],
        "user_permissions": []
    }
},
{
    "model": "accounts.customuser",
    "pk": 31,
    "fields": {
        "password": "pbkdf2_sha256$870000$pYX7Od1XDp6M1v7fLwg2Na$B5OWS4srfnnhSzjCGkmSSE8+8a9I77JNX6aSWDA3GE0=",
        "last_login": null,
        "is_superuser": false,
        "username": "ljardim",
        "first_name": "Luís Davi",
        "last_name": "Dos Santos Jardim",
        "email": "ljardim@moorebrasil.com.br",
        "is_staff": false,
        "is_active": true,
        "date_joined": "2024-09-20T14:52:30.933Z",
        "department": null,
        "role": null,
        "is_approved": false,
        "groups": [],
        "user_permissions": []
    }
},
{
    "model": "accounts.customuser",
    "pk": 32,
    "fields": {
        "password": "pbkdf2_sha256$870000$6XvNqXFwztHGGYlIjod9ZW$CFaISsZkaODEuMeTSFYP/7B7u+4vj2N3hdTMSMcZpqM=",
        "last_login": null,
        "is_superuser": false,
        "username": "vestima",
        "first_name": "Victor",
        "last_name": "Estima",
        "email": "vestima@moorebrasil.com.br",
        "is_staff": false,
        "is_active": true,
        "date_joined": "2024-09-20T14:53:53.101Z",
        "department": null,
        "role": null,
        "is_approved": false,
        "groups": [],
        "user_permissions": []
    }
},
{
    "model": "accounts.customuser",
    "pk": 33,
    "fields": {
        "password": "pbkdf2_sha256$870000$UmqJio52nK4fxqT4DXkTFj$PeWc0Z8IgIQ5D/gcu2vY5PDCBtCTQiSBDO6WulWdxQ8=",
        "last_login": null,
        "is_superuser": false,
        "username": "rafaela.pisetti",
        "first_name": "Rafaela Paiva",
        "last_name": "Pisetti",
        "email": "rafaela.pisetti@moorebrasil.com.br",
        "is_staff": false,
        "is_active": true,
        "date_joined": "2024-09-20T14:54:51.993Z",
        "department": null,
        "role": null,
        "is_approved": false,
        "groups": [],
        "user_permissions": []
    }
},
{
    "model": "accounts.customuser",
    "pk": 34,
    "fields": {
        "password": "pbkdf2_sha256$870000$PuhVph6FWdhagZhH4xZLZo$y5b2vexj+LtG2q4LbaZaYyxK7kuDG/K7Q0p/ySGYcQU=",
        "last_login": null,
        "is_superuser": false,
        "username": "inouye",
        "first_name": "Juliana",
        "last_name": "Inouye",
        "email": "inouye@moorebrasil.com.br",
        "is_staff": false,
        "is_active": true,
        "date_joined": "2024-09-20T15:04:30.833Z",
        "department": null,
        "role": null,
        "is_approved": false,
        "groups": [],
        "user_permissions": []
    }
},
{
    "model": "accounts.customuser",
    "pk": 35,
    "fields": {
        "password": "pbkdf2_sha256$870000$dCRhVhyuESXT5MNYM5MyHF$6xcMrRm4OEW7yrQy2tmOD5lK08NJ8iN8dxg28PMBsno=",
        "last_login": null,
        "is_superuser": false,
        "username": "carla.santos",
        "first_name": "Carla",
        "last_name": "Santos",
        "email": "carla.santos@moorebrasil.com.br",
        "is_staff": false,
        "is_active": true,
        "date_joined": "2024-09-20T15:43:12.735Z",
        "department": null,
        "role": null,
        "is_approved": false,
        "groups": [],
        "user_permissions": []
    }
},
{
    "model": "accounts.customuser",
    "pk": 36,
    "fields": {
        "password": "pbkdf2_sha256$870000$MJ10b1l8Ya11TJFjkmQYil$8ck6/0jlVbsOeRtcwzgn5qHw+8c4tLdOCre2svSSb7o=",
        "last_login": null,
        "is_superuser": false,
        "username": "rsantos",
        "first_name": "Rodrigo",
        "last_name": "Santos",
        "email": "rsantos@moorebrasil.com.br",
        "is_staff": false,
        "is_active": true,
        "date_joined": "2024-09-20T15:43:29.091Z",
        "department": null,
        "role": null,
        "is_approved": false,
        "groups": [],
        "user_permissions": []
    }
},
{
    "model": "accounts.customuser",
    "pk": 37,
    "fields": {
        "password": "pbkdf2_sha256$870000$vIO5wWCA2FIMr2u8ahiWxU$/fdwh++78mnDT8ICPpKwM8o/vKZ6Y4Ko8gfxtkNZVBQ=",
        "last_login": null,
        "is_superuser": false,
        "username": "gabriel.navazelo",
        "first_name": "Gabriel",
        "last_name": "Navazelo",
        "email": "gabriel.navazelo@moorebrasil.com.br",
        "is_staff": false,
        "is_active": true,
        "date_joined": "2024-09-20T15:48:08.559Z",
        "department": null,
        "role": null,
        "is_approved": false,
        "groups": [],
        "user_permissions": []
    }
},
{
    "model": "accounts.customuser",
    "pk": 38,
    "fields": {
        "password": "pbkdf2_sha256$870000$YVPTfTITX6Kfibo0jEohHz$e8FNQRr0RxQP7/FpWd8ZshvfsI52QyuVW2twNLi9vh0=",
        "last_login": null,
        "is_superuser": false,
        "username": "lourencovinhola",
        "first_name": "Lourenço",
        "last_name": "Vinhola",
        "email": "lourencovinhola@moorebrasil.com.br",
        "is_staff": false,
        "is_active": true,
        "date_joined": "2024-09-20T16:09:36.069Z",
        "department": 2,
        "role": 22,
        "is_approved": true,
        "groups": [],
        "user_permissions": []
    }
},
{
    "model": "accounts.customuser",
    "pk": 39,
    "fields": {
        "password": "pbkdf2_sha256$870000$BGOYnrOFr4egjKGB99ZF6r$yvgrS/YdN8FEArbeGi8kDalnQkeeqfEg/4MvvNZJZAk=",
        "last_login": null,
        "is_superuser": false,
        "username": "mandrade",
        "first_name": "Milena",
        "last_name": "Andrade",
        "email": "mandrade@moorebrasil.com.br",
        "is_staff": false,
        "is_active": true,
        "date_joined": "2024-09-20T16:20:23.106Z",
        "department": null,
        "role": null,
        "is_approved": false,
        "groups": [],
        "user_permissions": []
    }
},
{
    "model": "accounts.customuser",
    "pk": 40,
    "fields": {
        "password": "pbkdf2_sha256$870000$8aUNgOyMFuTBn4YJIns6xE$zAFc9hBUPY1GXD/dtk4U8CL+mAxdv+79Pn1RT9PsH+0=",
        "last_login": null,
        "is_superuser": false,
        "username": "sabrina.marques",
        "first_name": "Sabrina",
        "last_name": "Marques",
        "email": "sabrina.marques@moorebrasil.com.br",
        "is_staff": false,
        "is_active": true,
        "date_joined": "2024-09-20T16:25:13.913Z",
        "department": null,
        "role": null,
        "is_approved": false,
        "groups": [],
        "user_permissions": []
    }
},
{
    "model": "accounts.customuser",
    "pk": 41,
    "fields": {
        "password": "pbkdf2_sha256$870000$So6CcBzxTuN1L65a7P0ilP$Swn55LWRPY3bukJ+zp0omh/a06QLl3ryKwuP33M7K8I=",
        "last_login": null,
        "is_superuser": false,
        "username": "alinelima",
        "first_name": "Aline Pessoa",
        "last_name": "Lima",
        "email": "aline.lima@moorebrasil.com.br",
        "is_staff": false,
        "is_active": true,
        "date_joined": "2024-09-20T16:55:18.146Z",
        "department": null,
        "role": null,
        "is_approved": false,
        "groups": [],
        "user_permissions": []
    }
},
{
    "model": "accounts.client",
    "pk": 3,
    "fields": {
        "name": "ABCZ",
        "responsible": 13
    }
},
{
    "model": "assessments.question",
    "pk": 5,
    "fields": {
        "text": "Apresentar conhecimento técnico de Auditoria compatível com a descrição do cargo",
        "department": 1,
        "role_type": 1,
        "weight_question": 3
    }
},
{
    "model": "assessments.question",
    "pk": 6,
    "fields": {
        "text": "Apresentar conhecimento técnico de Contabilidade compatível com a descrição do cargo",
        "department": 1,
        "role_type": 1,
        "weight_question": 3
    }
},
{
    "model": "assessments.question",
    "pk": 7,
    "fields": {
        "text": "Capacidade de entendimento e interpretação das explicações (clientes/superiores)",
        "department": 1,
        "role_type": 1,
        "weight_question": 3
    }
},
{
    "model": "assessments.question",
    "pk": 8,
    "fields": {
        "text": "Cumprir o trabalho no tempo estabelecido",
        "department": 1,
        "role_type": 1,
        "weight_question": 3
    }
},
{
    "model": "assessments.question",
    "pk": 9,
    "fields": {
        "text": "Disponibilizar o trabalho com qualidade (metodologia, técnica, organização e apresentação)",
        "department": 1,
        "role_type": 1,
        "weight_question": 3
    }
},
{
    "model": "assessments.question",
    "pk": 10,
    "fields": {
        "text": "Buscar melhoria com base nas revisões e feedback anteriores",
        "department": 1,
        "role_type": 1,
        "weight_question": 2
    }
},
{
    "model": "assessments.question",
    "pk": 11,
    "fields": {
        "text": "Apresentar capacidade de comunicação oral e escrita",
        "department": 1,
        "role_type": 1,
        "weight_question": 3
    }
},
{
    "model": "assessments.question",
    "pk": 12,
    "fields": {
        "text": "Possuir habilidade crítica e analítica dos fatos, se resguardando sobre eventuais problemas identificados nos exames",
        "department": 1,
        "role_type": 1,
        "weight_question": 3
    }
},
{
    "model": "assessments.question",
    "pk": 13,
    "fields": {
        "text": "Eliminar todos os pontos de revisão identificados pelos superiores",
        "department": 1,
        "role_type": 1,
        "weight_question": 3
    }
},
{
    "model": "assessments.question",
    "pk": 14,
    "fields": {
        "text": "Dominar as ferramentas tecnológicas utilizadas para o desenvolvimento do trabalho",
        "department": 1,
        "role_type": 1,
        "weight_question": 3
    }
},
{
    "model": "assessments.question",
    "pk": 15,
    "fields": {
        "text": "Apresentar atitude de participação, iniciativa e disposição",
        "department": 1,
        "role_type": 1,
        "weight_question": 3
    }
},
{
    "model": "assessments.question",
    "pk": 16,
    "fields": {
        "text": "Apresentar bom relacionamento com os funcionários do cliente",
        "department": 1,
        "role_type": 1,
        "weight_question": 2
    }
},
{
    "model": "assessments.question",
    "pk": 17,
    "fields": {
        "text": "Apresentar bom relacionamento com os membros da equipe",
        "department": 1,
        "role_type": 1,
        "weight_question": 2
    }
},
{
    "model": "assessments.question",
    "pk": 18,
    "fields": {
        "text": "Apontar as horas utilizadas no projeto",
        "department": 1,
        "role_type": 1,
        "weight_question": 3
    }
},
{
    "model": "assessments.question",
    "pk": 19,
    "fields": {
        "text": "Avaliar os assistentes no fechamento do trabalho",
        "department": 1,
        "role_type": 1,
        "weight_question": 3
    }
},
{
    "model": "assessments.question",
    "pk": 20,
    "fields": {
        "text": "Revisar os papéis de trabalhos",
        "department": 1,
        "role_type": 1,
        "weight_question": 3
    }
},
{
    "model": "assessments.question",
    "pk": 21,
    "fields": {
        "text": "Elaborar o relatório em tempo hábil e com qualidade",
        "department": 1,
        "role_type": 1,
        "weight_question": 3
    }
},
{
    "model": "assessments.question",
    "pk": 22,
    "fields": {
        "text": "Apresentar conhecimento técnico de Auditoria compatível com a descrição do cargo",
        "department": 1,
        "role_type": 2,
        "weight_question": 3
    }
},
{
    "model": "assessments.question",
    "pk": 23,
    "fields": {
        "text": "Apresentar conhecimento técnico de Contabilidade compatível com a descrição do cargo",
        "department": 1,
        "role_type": 2,
        "weight_question": 3
    }
},
{
    "model": "assessments.question",
    "pk": 24,
    "fields": {
        "text": "Capacidade de entendimento e interpretação das explicações (clientes/superiores)",
        "department": 1,
        "role_type": 2,
        "weight_question": 3
    }
},
{
    "model": "assessments.question",
    "pk": 25,
    "fields": {
        "text": "Cumprir o trabalho no tempo estabelecido",
        "department": 1,
        "role_type": 2,
        "weight_question": 2
    }
},
{
    "model": "assessments.question",
    "pk": 26,
    "fields": {
        "text": "Disponibilizar o trabalho com qualidade (metodologia, técnica, organização e apresentação)",
        "department": 1,
        "role_type": 2,
        "weight_question": 3
    }
},
{
    "model": "assessments.question",
    "pk": 27,
    "fields": {
        "text": "Buscar melhoria com base nas revisões e feedback anteriores",
        "department": 1,
        "role_type": 2,
        "weight_question": 2
    }
},
{
    "model": "assessments.question",
    "pk": 28,
    "fields": {
        "text": "Apresentar capacidade de comunicação oral e escrita",
        "department": 1,
        "role_type": 2,
        "weight_question": 2
    }
},
{
    "model": "assessments.question",
    "pk": 29,
    "fields": {
        "text": "Possuir habilidade crítica e analítica dos fatos, se resguardando sobre eventuais problemas identificados nos exames",
        "department": 1,
        "role_type": 2,
        "weight_question": 1
    }
},
{
    "model": "assessments.question",
    "pk": 30,
    "fields": {
        "text": "Eliminar todos os pontos de revisão identificados pelos superiores",
        "department": 1,
        "role_type": 2,
        "weight_question": 3
    }
},
{
    "model": "assessments.question",
    "pk": 31,
    "fields": {
        "text": "Dominar as ferramentas tecnológicas utilizadas para o desenvolvimento do trabalho",
        "department": 1,
        "role_type": 2,
        "weight_question": 3
    }
},
{
    "model": "assessments.question",
    "pk": 32,
    "fields": {
        "text": "Apresentar atitude de participação, iniciativa e disposição",
        "department": 1,
        "role_type": 2,
        "weight_question": 3
    }
},
{
    "model": "assessments.question",
    "pk": 33,
    "fields": {
        "text": "Apresentar bom relacionamento com os funcionários do cliente",
        "department": 1,
        "role_type": 2,
        "weight_question": 1
    }
},
{
    "model": "assessments.question",
    "pk": 34,
    "fields": {
        "text": "Apresentar bom relacionamento com os membros da equipe",
        "department": 1,
        "role_type": 2,
        "weight_question": 1
    }
},
{
    "model": "assessments.question",
    "pk": 35,
    "fields": {
        "text": "Apontar as horas utilizadas no projeto",
        "department": 1,
        "role_type": 2,
        "weight_question": 2
    }
},
{
    "model": "assessments.question",
    "pk": 36,
    "fields": {
        "text": "Entregar os pontos quando identificado em tempo hábil ao responsável para inclusão no relatório",
        "department": 1,
        "role_type": 2,
        "weight_question": 3
    }
},
{
    "model": "assessments.question",
    "pk": 37,
    "fields": {
        "text": "Apresentar conhecimento técnico de Auditoria Interna compatível com a descrição do cargo",
        "department": 2,
        "role_type": 1,
        "weight_question": 3
    }
},
{
    "model": "assessments.question",
    "pk": 38,
    "fields": {
        "text": "Apresentar conhecimento técnico de Processos, Controles e Contabilidade compatível com a descrição do cargo",
        "department": 2,
        "role_type": 1,
        "weight_question": 3
    }
},
{
    "model": "assessments.question",
    "pk": 39,
    "fields": {
        "text": "Capacidade de entendimento e interpretação das explicações (clientes/superiores)",
        "department": 2,
        "role_type": 1,
        "weight_question": 3
    }
},
{
    "model": "assessments.question",
    "pk": 40,
    "fields": {
        "text": "Cumprir o trabalho no tempo estabelecido",
        "department": 2,
        "role_type": 1,
        "weight_question": 3
    }
},
{
    "model": "assessments.question",
    "pk": 41,
    "fields": {
        "text": "Disponibilizar o trabalho com qualidade (técnica, metodologia, organização e apresentação)",
        "department": 2,
        "role_type": 1,
        "weight_question": 3
    }
},
{
    "model": "assessments.question",
    "pk": 42,
    "fields": {
        "text": "Buscar melhoria com base nas revisões e feedback anteriores",
        "department": 2,
        "role_type": 1,
        "weight_question": 2
    }
},
{
    "model": "assessments.question",
    "pk": 43,
    "fields": {
        "text": "Apresentar capacidade de comunicação oral e escrita",
        "department": 2,
        "role_type": 1,
        "weight_question": 3
    }
},
{
    "model": "assessments.question",
    "pk": 44,
    "fields": {
        "text": "Possuir habilidade crítica e analítica dos fatos, se resguardando sobre eventuais problemas identificados nos exames",
        "department": 2,
        "role_type": 1,
        "weight_question": 3
    }
},
{
    "model": "assessments.question",
    "pk": 45,
    "fields": {
        "text": "Eliminar todos os pontos de revisão identificados pelos superiores",
        "department": 2,
        "role_type": 1,
        "weight_question": 3
    }
},
{
    "model": "assessments.question",
    "pk": 46,
    "fields": {
        "text": "Dominar as ferramentas tecnológicas utilizadas para o desenvolvimento do trabalho",
        "department": 2,
        "role_type": 1,
        "weight_question": 3
    }
},
{
    "model": "assessments.question",
    "pk": 47,
    "fields": {
        "text": "Apresentar atitude de participação, iniciativa e disposição",
        "department": 2,
        "role_type": 1,
        "weight_question": 3
    }
},
{
    "model": "assessments.question",
    "pk": 48,
    "fields": {
        "text": "Apresentar bom relacionamento com os funcionários do cliente",
        "department": 2,
        "role_type": 1,
        "weight_question": 2
    }
},
{
    "model": "assessments.question",
    "pk": 49,
    "fields": {
        "text": "Apresentar bom relacionamento com os membros da equipe",
        "department": 2,
        "role_type": 1,
        "weight_question": 2
    }
},
{
    "model": "assessments.question",
    "pk": 50,
    "fields": {
        "text": "Apontar as horas utilizadas no projeto",
        "department": 2,
        "role_type": 1,
        "weight_question": 3
    }
},
{
    "model": "assessments.question",
    "pk": 51,
    "fields": {
        "text": "Avaliar os assistentes no fechamento do trabalho",
        "department": 2,
        "role_type": 1,
        "weight_question": 3
    }
},
{
    "model": "assessments.question",
    "pk": 52,
    "fields": {
        "text": "Revisar os papéis de trabalho",
        "department": 2,
        "role_type": 1,
        "weight_question": 3
    }
},
{
    "model": "assessments.question",
    "pk": 53,
    "fields": {
        "text": "Elaborar o relatório em tempo hábil e com qualidade",
        "department": 2,
        "role_type": 1,
        "weight_question": 3
    }
},
{
    "model": "assessments.question",
    "pk": 54,
    "fields": {
        "text": "Apresentar conhecimento técnico de Auditoria Interna compatível com a descrição do cargo",
        "department": 2,
        "role_type": 2,
        "weight_question": 3
    }
},
{
    "model": "assessments.question",
    "pk": 55,
    "fields": {
        "text": "Apresentar conhecimento técnico de Processos e Controles compatível com a descrição do cargo",
        "department": 2,
        "role_type": 2,
        "weight_question": 3
    }
},
{
    "model": "assessments.question",
    "pk": 56,
    "fields": {
        "text": "Capacidade de entendimento e interpretação das explicações (clientes/superiores)",
        "department": 2,
        "role_type": 2,
        "weight_question": 2
    }
},
{
    "model": "assessments.question",
    "pk": 57,
    "fields": {
        "text": "Cumprir o trabalho no tempo estabelecido",
        "department": 2,
        "role_type": 2,
        "weight_question": 3
    }
},
{
    "model": "assessments.question",
    "pk": 58,
    "fields": {
        "text": "Disponibilizar o trabalho com qualidade (técnica, metodologia, organização e apresentação)",
        "department": 2,
        "role_type": 2,
        "weight_question": 3
    }
},
{
    "model": "assessments.question",
    "pk": 59,
    "fields": {
        "text": "Buscar melhoria com base nas revisões e feedback anteriores",
        "department": 2,
        "role_type": 2,
        "weight_question": 2
    }
},
{
    "model": "assessments.question",
    "pk": 60,
    "fields": {
        "text": "Apresentar capacidade de comunicação oral e escrita",
        "department": 2,
        "role_type": 2,
        "weight_question": 2
    }
},
{
    "model": "assessments.question",
    "pk": 61,
    "fields": {
        "text": "Possuir habilidade crítica e analítica dos fatos, se resguardando sobre eventuais problemas identificados nos exames",
        "department": 2,
        "role_type": 2,
        "weight_question": 3
    }
},
{
    "model": "assessments.question",
    "pk": 62,
    "fields": {
        "text": "Eliminar todos os pontos de revisão identificados pelos superiores",
        "department": 2,
        "role_type": 2,
        "weight_question": 2
    }
},
{
    "model": "assessments.question",
    "pk": 63,
    "fields": {
        "text": "Dominar as ferramentas tecnológicas utilizadas para o desenvolvimento do trabalho",
        "department": 2,
        "role_type": 2,
        "weight_question": 1
    }
},
{
    "model": "assessments.question",
    "pk": 64,
    "fields": {
        "text": "Apresentar atitude de participação, iniciativa e disposição",
        "department": 2,
        "role_type": 2,
        "weight_question": 3
    }
},
{
    "model": "assessments.question",
    "pk": 65,
    "fields": {
        "text": "Apresentar bom relacionamento com os funcionários do cliente",
        "department": 2,
        "role_type": 2,
        "weight_question": 2
    }
},
{
    "model": "assessments.question",
    "pk": 66,
    "fields": {
        "text": "Apresentar bom relacionamento com os membros da equipe",
        "department": 2,
        "role_type": 2,
        "weight_question": 1
    }
},
{
    "model": "assessments.question",
    "pk": 67,
    "fields": {
        "text": "Apontar as horas utilizadas no projeto",
        "department": 2,
        "role_type": 2,
        "weight_question": 1
    }
},
{
    "model": "assessments.question",
    "pk": 68,
    "fields": {
        "text": "Entregar o Relatório em tempo hábil para o superior; ou, entregar os pontos identificados, em tempo hábil ao responsável para inclusão do Relatório",
        "department": 2,
        "role_type": 2,
        "weight_question": 3
    }
},
{
    "model": "assessments.question",
    "pk": 69,
    "fields": {
        "text": "Apresentar conhecimento técnico de Auditoria Interna compatível com a descrição do cargo",
        "department": 3,
        "role_type": 1,
        "weight_question": 3
    }
},
{
    "model": "assessments.question",
    "pk": 70,
    "fields": {
        "text": "Apresentar conhecimento técnico de Processos, Controles e Contabilidade compatível com a descrição do cargo",
        "department": 3,
        "role_type": 1,
        "weight_question": 3
    }
},
{
    "model": "assessments.question",
    "pk": 71,
    "fields": {
        "text": "Capacidade de entendimento e interpretação das explicações (clientes/superiores)",
        "department": 3,
        "role_type": 1,
        "weight_question": 3
    }
},
{
    "model": "assessments.question",
    "pk": 72,
    "fields": {
        "text": "Cumprir o trabalho no tempo estabelecido",
        "department": 3,
        "role_type": 1,
        "weight_question": 3
    }
},
{
    "model": "assessments.question",
    "pk": 73,
    "fields": {
        "text": "Disponibilizar o trabalho com qualidade (técnica, metodologia, organização e apresentação)",
        "department": 3,
        "role_type": 1,
        "weight_question": 3
    }
},
{
    "model": "assessments.question",
    "pk": 74,
    "fields": {
        "text": "Buscar melhoria com base nas revisões e feedback anteriores",
        "department": 3,
        "role_type": 1,
        "weight_question": 2
    }
},
{
    "model": "assessments.question",
    "pk": 75,
    "fields": {
        "text": "Apresentar capacidade de comunicação oral e escrita",
        "department": 3,
        "role_type": 1,
        "weight_question": 3
    }
},
{
    "model": "assessments.question",
    "pk": 76,
    "fields": {
        "text": "Possuir habilidade crítica e analítica dos fatos, se resguardando sobre eventuais problemas identificados nos exames",
        "department": 3,
        "role_type": 1,
        "weight_question": 3
    }
},
{
    "model": "assessments.question",
    "pk": 77,
    "fields": {
        "text": "Eliminar todos os pontos de revisão identificados pelos superiores",
        "department": 3,
        "role_type": 1,
        "weight_question": 3
    }
},
{
    "model": "assessments.question",
    "pk": 78,
    "fields": {
        "text": "Dominar as ferramentas tecnológicas utilizadas para o desenvolvimento do trabalho",
        "department": 3,
        "role_type": 1,
        "weight_question": 3
    }
},
{
    "model": "assessments.question",
    "pk": 79,
    "fields": {
        "text": "Apresentar atitude de participação, iniciativa e disposição",
        "department": 3,
        "role_type": 1,
        "weight_question": 3
    }
},
{
    "model": "assessments.question",
    "pk": 80,
    "fields": {
        "text": "Apresentar bom relacionamento com os funcionários do cliente",
        "department": 3,
        "role_type": 1,
        "weight_question": 2
    }
},
{
    "model": "assessments.question",
    "pk": 81,
    "fields": {
        "text": "Apresentar bom relacionamento com os membros da equipe",
        "department": 3,
        "role_type": 1,
        "weight_question": 2
    }
},
{
    "model": "assessments.question",
    "pk": 82,
    "fields": {
        "text": "Apontar as horas utilizadas no projeto",
        "department": 3,
        "role_type": 1,
        "weight_question": 3
    }
},
{
    "model": "assessments.question",
    "pk": 83,
    "fields": {
        "text": "Avaliar os assistentes no fechamento do trabalho",
        "department": 3,
        "role_type": 1,
        "weight_question": 3
    }
},
{
    "model": "assessments.question",
    "pk": 84,
    "fields": {
        "text": "Revisar os papéis de trabalho",
        "department": 3,
        "role_type": 1,
        "weight_question": 3
    }
},
{
    "model": "assessments.question",
    "pk": 85,
    "fields": {
        "text": "Elaborar o relatório em tempo hábil e com qualidade",
        "department": 3,
        "role_type": 1,
        "weight_question": 3
    }
},
{
    "model": "assessments.question",
    "pk": 86,
    "fields": {
        "text": "Apresentar conhecimento técnico de Auditoria Interna compatível com a descrição do cargo",
        "department": 3,
        "role_type": 2,
        "weight_question": 3
    }
},
{
    "model": "assessments.question",
    "pk": 87,
    "fields": {
        "text": "Apresentar conhecimento técnico de Processos e Controles compatível com a descrição do cargo",
        "department": 3,
        "role_type": 2,
        "weight_question": 3
    }
},
{
    "model": "assessments.question",
    "pk": 88,
    "fields": {
        "text": "Capacidade de entendimento e interpretação das explicações (clientes/superiores)",
        "department": 3,
        "role_type": 2,
        "weight_question": 2
    }
},
{
    "model": "assessments.question",
    "pk": 89,
    "fields": {
        "text": "Cumprir o trabalho no tempo estabelecido",
        "department": 3,
        "role_type": 2,
        "weight_question": 3
    }
},
{
    "model": "assessments.question",
    "pk": 90,
    "fields": {
        "text": "Disponibilizar o trabalho com qualidade (técnica, metodologia, organização e apresentação)",
        "department": 3,
        "role_type": 2,
        "weight_question": 3
    }
},
{
    "model": "assessments.question",
    "pk": 91,
    "fields": {
        "text": "Buscar melhoria com base nas revisões e feedback anteriores",
        "department": 3,
        "role_type": 2,
        "weight_question": 2
    }
},
{
    "model": "assessments.question",
    "pk": 92,
    "fields": {
        "text": "Apresentar capacidade de comunicação oral e escrita",
        "department": 3,
        "role_type": 2,
        "weight_question": 2
    }
},
{
    "model": "assessments.question",
    "pk": 93,
    "fields": {
        "text": "Possuir habilidade crítica e analítica dos fatos, se resguardando sobre eventuais problemas identificados nos exames",
        "department": 3,
        "role_type": 2,
        "weight_question": 3
    }
},
{
    "model": "assessments.question",
    "pk": 94,
    "fields": {
        "text": "Eliminar todos os pontos de revisão identificados pelos superiores",
        "department": 3,
        "role_type": 2,
        "weight_question": 2
    }
},
{
    "model": "assessments.question",
    "pk": 95,
    "fields": {
        "text": "Dominar as ferramentas tecnológicas utilizadas para o desenvolvimento do trabalho",
        "department": 3,
        "role_type": 2,
        "weight_question": 1
    }
},
{
    "model": "assessments.question",
    "pk": 96,
    "fields": {
        "text": "Apresentar atitude de participação, iniciativa e disposição",
        "department": 3,
        "role_type": 2,
        "weight_question": 3
    }
},
{
    "model": "assessments.question",
    "pk": 97,
    "fields": {
        "text": "Apresentar bom relacionamento com os funcionários do cliente",
        "department": 3,
        "role_type": 2,
        "weight_question": 2
    }
},
{
    "model": "assessments.question",
    "pk": 98,
    "fields": {
        "text": "Apresentar bom relacionamento com os membros da equipe",
        "department": 3,
        "role_type": 2,
        "weight_question": 1
    }
},
{
    "model": "assessments.question",
    "pk": 99,
    "fields": {
        "text": "Apontar as horas utilizadas no projeto",
        "department": 3,
        "role_type": 2,
        "weight_question": 1
    }
},
{
    "model": "assessments.question",
    "pk": 100,
    "fields": {
        "text": "Entregar o Relatório em tempo hábil para o superior; ou, entregar os pontos identificados, em tempo hábil ao responsável para inclusão do Relatório",
        "department": 3,
        "role_type": 2,
        "weight_question": 3
    }
}
]
